class_id,example_image_id,status,in samples,count_in_class
AC0010,AC0010,not_satisfactory,yes,1
AC0011,AC0011,not_satisfactory,yes,1
AC0020,AC0020_L,not_satisfactory,yes,3
AC0021,AC0021,not_satisfactory,yes,1
AC0022,AC0022,not_satisfactory,yes,1
AC0023,AC0023,not_satisfactory,,1
AC0024,AC0024,not_satisfactory,,1
AC0025,AC0025,not_satisfactory,,1
AC0026,AC0026,not_satisfactory,,1
AC0030,AC0030,not_satisfactory,,4
AC0040,AC0040_L,not_satisfactory,,3
AC0050,AC0050_L,not_satisfactory,,3
AC0060,AC0060_L,not_satisfactory,,3
AC0070,AC0070_L,not_satisfactory,,3
AC0080,AC0080_L,not_satisfactory,,3
AC0090,AC0090_L,not_satisfactory,,3
AC0100,AC0100_L,not_satisfactory,,3
AC0110,AC0110,not_satisfactory,,4
AC0120,AC0120_L,not_satisfactory,,3
AC0130,AC0130,not_satisfactory,,4
AC0140,AC0140_L,not_satisfactory,,3
AC0150,AC0150,not_satisfactory,,6
AC0151,AC0151_L,not_satisfactory,,3
AC0152,AC0152_L,not_satisfactory,,3
AC0153,AC0153,not_satisfactory,,4
AC0160,AC0160_L,not_satisfactory,,3
AC0201,AC0201,not_satisfactory,,9
AC0202,AC0202,not_satisfactory,,9
AC0203,AC0203,not_satisfactory,,9
AC0204,AC0204,not_satisfactory,,9
AC0211,AC0211,not_satisfactory,,4
AC0212,AC0212_L,not_satisfactory,,3
AC0213,AC0213_L,not_satisfactory,,3
AC0214,AC0214_L,not_satisfactory,,3
AC0221,AC0221_L,not_satisfactory,,6
AC0222,AC0222,not_satisfactory,,7
AC0223,AC0223_L,not_satisfactory,,6
AC0224,AC0224_L,not_satisfactory,,6
AC0231,AC0231_L,not_satisfactory,,3
AC0232,AC0232_L,not_satisfactory,,3
AC0233,AC0233_L,not_satisfactory,,3
AC0234,AC0234_L,not_satisfactory,,3
AC0241,AC0241_L,not_satisfactory,,3
AC0242,AC0242_L,not_satisfactory,,3
AC0243,AC0243_L,not_satisfactory,,3
AC0244,AC0244_L,not_satisfactory,,3
AC0251,AC0251,not_satisfactory,,3
AC0252,AC0252,not_satisfactory,,3
AC0253,AC0253,not_satisfactory,,3
AC0254,AC0254,not_satisfactory,,3
AC0261,AC0261,not_satisfactory,,1
AC0271,AC0271,not_satisfactory,,1
AC0301,AC0301_1L_sia,not_satisfactory,,18
AC0302,AC0302_1L_sia,not_satisfactory,,18
AC0303,AC0303_1L_sia,not_satisfactory,,18
AC0304,AC0304_1L_sia,not_satisfactory,,18
AC0401,AC0401_1L_sia,not_satisfactory,,18
AC0402,AC0402,not_satisfactory,,21
AC0403,AC0403_1L_sia,not_satisfactory,,18
AC0404,AC0404_1L_sia,not_satisfactory,,18
AC0411,AC0411_1_L,not_satisfactory,,9
AC0412,AC0412,not_satisfactory,,12
AC0413,AC0413_1_L,not_satisfactory,,9
AC0414,AC0414_1_L,not_satisfactory,,9
AC0421,AC0421_1_L,not_satisfactory,,9
AC0422,AC0422_1_L,not_satisfactory,,9
AC0423,AC0423_1_L,not_satisfactory,,9
AC0424,AC0424_1_L,not_satisfactory,,9
AC0501,AC0501_1L_sia,not_satisfactory,,18
AC0502,AC0502_1L_sia,not_satisfactory,,18
AC0503,AC0503_1L_sia,not_satisfactory,,9
AC0504,AC0504_1L_sia,not_satisfactory,,9
AC0511,AC0511_1_L,not_satisfactory,,6
AC0512,AC0512_1_L,not_satisfactory,,6
AC0521,AC0521_L,not_satisfactory,,3
AC0522,AC0522_L,not_satisfactory,,3
AC0531,AC0531_1L_sia,not_satisfactory,,18
AC0532,AC0532_1L_sia,not_satisfactory,,18
AC0533,AC0533_1L_sia,not_satisfactory,,9
AC0534,AC0534_1L_sia,not_satisfactory,,9
AC0535,AC0535_1L_sia,not_satisfactory,,9
AC0536,AC0536_1L_sia,not_satisfactory,,9
AC0537,AC0537_1L_sia,not_satisfactory,,9
AC0538,AC0538_1L_sia,not_satisfactory,,9
AC0541,AC0541_1_L,not_satisfactory,,9
AC0542,AC0542_1_L,not_satisfactory,,9
AC0551,AC0551_1_L,not_satisfactory,,9
AC0552,AC0552_1_L,not_satisfactory,,9
AC0553,AC0553_1_L,not_satisfactory,,9
AC0554,AC0554_1_L,not_satisfactory,,9
AC0561,AC0561_sia_L,not_satisfactory,,3
AC0562,AC0562_sia_L,not_satisfactory,,3
AC0572,AC0572_L,not_satisfactory,,3
AC0573,AC0573_L,not_satisfactory,,3
AC0701,AC0701_1_L,not_satisfactory,,6
AC0702,AC0702_1_L,not_satisfactory,,6
AC0703,AC0703_1_L,not_satisfactory,,6
AC0704,AC0704_1_L,not_satisfactory,,6
AC0711,AC0711_1_L,not_satisfactory,,6
AC0712,AC0712_1_L,not_satisfactory,,6
AC0713,AC0713_1_L,not_satisfactory,,6
AC0714,AC0714_1_L,not_satisfactory,,6
AC0721,AC0721_1_L,not_satisfactory,,6
AC0722,AC0722_1_L,not_satisfactory,,6
AC0723,AC0723_1_L,not_satisfactory,,6
AC0724,AC0724_1_L,not_satisfactory,,6
AC0731,AC0731_1_L,not_satisfactory,,6
AC0732,AC0732_1_L,not_satisfactory,,6
AC0733,AC0733_1_L,not_satisfactory,,6
AC0734,AC0734_1_L,not_satisfactory,,6
AC0820,AC0820_S,not_satisfactory,,1
AC0833,AC0833_L,not_satisfactory,,3
AC0838,AC0838_L,not_satisfactory,,2
AC0840,AC0840_L,not_satisfactory,,3
AC0841,AC0841_L,not_satisfactory,,3
AC0842,AC0842_L,not_satisfactory,,3
AC0843,AC0843_L,not_satisfactory,,3
AC0844,AC0844_L,not_satisfactory,,3
AC0845,AC0845_L,not_satisfactory,,3
AC0846,AC0846_L,not_satisfactory,,3
AC0847,AC0847_L,not_satisfactory,,3
AC0848,AC0848_L,not_satisfactory,,3
AC0849,AC0849_L,not_satisfactory,,3
AC0850,AC0850_L,not_satisfactory,,3
AC0861,AC0861_L,not_satisfactory,,3
AC0862,AC0862_L,not_satisfactory,,3
AC0863,AC0863_L,not_satisfactory,,3
AC0864,AC0864_L,not_satisfactory,,3
AC0883,AC0883_L,not_satisfactory,,3
AC0884,AC0884_L,not_satisfactory,,3
AC0890,AC0890_L,not_satisfactory,,3
AC0900,AC0900_L,not_satisfactory,,3
AC0901,AC0901_L,not_satisfactory,,3
AC0910,AC0910_L,not_satisfactory,,3
AC0911,AC0911_L,not_satisfactory,,3
AC0912,AC0912_L,not_satisfactory,,3
AC0913,AC0913_L,not_satisfactory,,3
AC0914,AC0914_L,not_satisfactory,,3
AC0920,AC0920_L,not_satisfactory,,3
AC0921,AC0921_L,not_satisfactory,,3
AC0922,AC0922_L,not_satisfactory,,3
AC0923,AC0923_L,not_satisfactory,,3
AC0924,AC0924_L,not_satisfactory,,3
AC0930,AC0930_L,not_satisfactory,,3
AC0931,AC0931_L,not_satisfactory,,3
AC0932,AC0932_L,not_satisfactory,,3
AC0933,AC0933_L,not_satisfactory,,3
AC0934,AC0934_L,not_satisfactory,,3
AC0VR2,AC0VR2_AB_M,not_satisfactory,,3
AC1000,AC1000_L,not_satisfactory,,3
AC1001,AC1001_L,not_satisfactory,,3
AC1002,AC1002_L,not_satisfactory,,3
AC1003,AC1003_L,not_satisfactory,,3
AC1004,AC1004_L,not_satisfactory,,3
AC100,AC100_1_M,not_satisfactory,,1
AC110,AC110_1_M,not_satisfactory,,1
AC5000,AC5000_L,not_satisfactory,,5
AC5010,AC5010_L,not_satisfactory,,4
AC5020,AC5020_L,not_satisfactory,,3
AC5030,AC5030_L,not_satisfactory,,3
AC5040,AC5040_L,not_satisfactory,,3
AC5041,AC5041_M,not_satisfactory,,1
AC5050,AC5050_L,not_satisfactory,,3
ALD1,ALD1,not_satisfactory,,1
ALE3,ALE3,not_satisfactory,,1
AR0021,AR0021,not_satisfactory,,1
AR0022,AR0022,not_satisfactory,,1
AR0023,AR0023,not_satisfactory,,1
AR0024,AR0024,not_satisfactory,,1
AR0030,AR0030,not_satisfactory,,3
AR0041,AR0041,not_satisfactory,,1
AR0042,AR0042,not_satisfactory,,1
AR0043,AR0043,not_satisfactory,,1
AR0044,AR0044,not_satisfactory,,1
AR0061,AR0061,not_satisfactory,,1
AR0062,AR0062,not_satisfactory,,1
AR0063,AR0063,not_satisfactory,,1
AR0064,AR0064,not_satisfactory,,1
AR0081,AR0081,not_satisfactory,,1
AR0082,AR0082,not_satisfactory,,1
AR0083,AR0083,not_satisfactory,,1
AR0084,AR0084,not_satisfactory,,1
AR0100,AR0100,not_satisfactory,,1
AR0101,AR0101,not_satisfactory,,1
AR0102,AR0102,not_satisfactory,,1
AR0103,AR0103,not_satisfactory,,1
AR0104,AR0104,not_satisfactory,,1
AR0110,AR0110,not_satisfactory,,3
AR0140,AR0140,not_satisfactory,,3
AWD3,AWD3,not_satisfactory,,1
BW,BW,not_satisfactory,,1
BackBottom,BackBottom,not_satisfactory,,1
DLG0000,DLG0000,not_satisfactory,,1
DLG0002,DLG0002,not_satisfactory,,1
DLG0003,DLG0003,not_satisfactory,,1
DLG0020,DLG0020,not_satisfactory,,1
DLG0021,DLG0021,not_satisfactory,,1
DLG0030,DLG0030,not_satisfactory,,1
DLG0031,DLG0031,not_satisfactory,,1
DLG0040,DLG0040,not_satisfactory,,1
DLG0041,DLG0041,not_satisfactory,,1
DLG0042,DLG0042,not_satisfactory,,1
DLG0050,DLG0050,not_satisfactory,,1
DLG0051,DLG0051,not_satisfactory,,1
DLG0060,DLG0060,not_satisfactory,,1
DLG0061,DLG0061,not_satisfactory,,1
GE0001,GE0001_1_L,not_satisfactory,,6
GE0002,GE0002_L,not_satisfactory,,3
GE0003,GE0003_L,not_satisfactory,,3
GE0004,GE0004_L,not_satisfactory,,3
GE0010,GE0010,not_satisfactory,,1
GE0011,GE0011,not_satisfactory,,4
GE0012,GE0012,not_satisfactory,,4
GE0013,GE0013,not_satisfactory,,4
GE0014,GE0014,not_satisfactory,,4
GE0015,GE0015,not_satisfactory,,4
GE0016,GE0016,not_satisfactory,,2
GE0017,GE0017,not_satisfactory,,1
GE0018,GE0018,not_satisfactory,,1
GE0019,GE0019,not_satisfactory,,1
GE0020,GE0020,not_satisfactory,,1
GE0021,GE0021,not_satisfactory,,4
GE0022,GE0022,not_satisfactory,,10
GE0023,GE0023,not_satisfactory,,7
GE0024,GE0024,not_satisfactory,,1
GE0025,GE0025,not_satisfactory,,1
GE0026,GE0026,not_satisfactory,,1
GE0027,GE0027,not_satisfactory,,1
GE0028,GE0028,not_satisfactory,,1
GE0029,GE0029,not_satisfactory,,1
GE0030,GE0030,not_satisfactory,,1
GE0031,GE0031,not_satisfactory,,4
GE0032,GE0032,not_satisfactory,,4
GE0033,GE0033,not_satisfactory,,4
GE0034,GE0034,not_satisfactory,,4
GE0035,GE0035,not_satisfactory,,4
GE0036,GE0036,not_satisfactory,,4
GE0037,GE0037,not_satisfactory,,4
GE0038,GE0038_L,not_satisfactory,,3
GE0039,GE0039_L,not_satisfactory,,3
GE0040,GE0040_L,not_satisfactory,,3
GE0041,GE0041_L,not_satisfactory,,4
GE0042,GE0042_L,not_satisfactory,,3
GE0043,GE0043_L,not_satisfactory,,3
GE0044,GE0044_L,not_satisfactory,,3
GE0045,GE0045_L,not_satisfactory,,3
GE0100,GE0100_L,not_satisfactory,,3
GE0101,GE0101_L,not_satisfactory,,3
GE0102,GE0102_L,not_satisfactory,,3
GE0103,GE0103_L,not_satisfactory,,3
GE0104,GE0104_L,not_satisfactory,,3
GE0105,GE0105_L,not_satisfactory,,3
GE0106,GE0106_L,not_satisfactory,,3
GE0107,GE0107_L,not_satisfactory,,3
GE0108,GE0108_L,not_satisfactory,,3
GE0109,GE0109_L,not_satisfactory,,3
GE0110,GE0110_L,not_satisfactory,,3
GE0111,GE0111_L,not_satisfactory,,3
GE0201,GE0201_L,not_satisfactory,,3
GE0202,GE0202_L,not_satisfactory,,3
GE0203,GE0203_L,not_satisfactory,,3
GE0204,GE0204_L,not_satisfactory,,3
GE0205,GE0205_L,not_satisfactory,,3
GE0206,GE0206_L,not_satisfactory,,3
GE0280,GE0280,not_satisfactory,,1
GE0281,GE0281,not_satisfactory,,1
GE0282,GE0282,not_satisfactory,,1
GE0283,GE0283,not_satisfactory,,1
GE0284,GE0284,not_satisfactory,,1
GE0285,GE0285,not_satisfactory,,1
GE0300,GE0300,not_satisfactory,,1
GE0301,GE0301,not_satisfactory,,4
GE0302,GE0302,not_satisfactory,,4
GE0303,GE0303,not_satisfactory,,4
GE0304,GE0304,not_satisfactory,,4
GE0305,GE0305,not_satisfactory,,4
GE0306,GE0306,not_satisfactory,,4
GE0307,GE0307,not_satisfactory,,4
GE0308,GE0308,not_satisfactory,,4
GE0309,GE0309,not_satisfactory,,1
GE0310,GE0310,not_satisfactory,,1
GE0344,GE0344,not_satisfactory,,1
GE0346,GE0346,not_satisfactory,,1
GE0347,GE0347,not_satisfactory,,1
GE0348,GE0348,not_satisfactory,,1
GE0349,GE0349,not_satisfactory,,1
GE0350,GE0350,not_satisfactory,,1
GE0351,GE0351,not_satisfactory,,1
GE0352,GE0352,not_satisfactory,,1
GE0353,GE0353,not_satisfactory,,1
GE0354,GE0354,not_satisfactory,,1
GE0355,GE0355,not_satisfactory,,1
GE0356,GE0356,not_satisfactory,,1
GE0357,GE0357,not_satisfactory,,1
GE0358,GE0358,not_satisfactory,,1
GE0360,GE0360,not_satisfactory,,1
GE0361,GE0361,not_satisfactory,,1
GE0362,GE0362,not_satisfactory,,1
GE0363,GE0363,not_satisfactory,,1
GE0364,GE0364,not_satisfactory,,1
GE0365,GE0365,not_satisfactory,,1
GE0999,GE0999,not_satisfactory,,1
GE1000,GE1000_L,not_satisfactory,,3
GE1001,GE1001_L,not_satisfactory,,3
GE1002,GE1002_L,not_satisfactory,,3
GE1003,GE1003_L,not_satisfactory,,3
GE1100,GE1100_L,not_satisfactory,,3
GE1101,GE1101_L,not_satisfactory,,3
GE1102,GE1102_L,not_satisfactory,,3
GE1200,GE1200_L,not_satisfactory,,3
GE1201,GE1201_L,not_satisfactory,,3
GE1202,GE1202_L,not_satisfactory,,3
GE1203,GE1203_L,not_satisfactory,,3
GE1204,GE1204_L,not_satisfactory,,3
GE1300,GE1300_M,not_satisfactory,,2
GE1301,GE1301_M,not_satisfactory,,2
GE1302,GE1302_M,not_satisfactory,,2
GE1310,GE1310_M,not_satisfactory,,2
GE1311,GE1311_M,not_satisfactory,,2
GE1312,GE1312_M,not_satisfactory,,2
GE1313,GE1313_M,not_satisfactory,,2
GE1401,GE1401_L,not_satisfactory,,3
GE1402,GE1402_L,not_satisfactory,,3
GE1403,GE1403_L,not_satisfactory,,3
GE1404,GE1404_L,not_satisfactory,,3
GE1410,GE1410_L,not_satisfactory,,3
GE1411,GE1411_L,not_satisfactory,,3
GE1420,GE1420_L,not_satisfactory,,4
GE9000,GE9000,not_satisfactory,,1
GE9001,GE9001_1M,not_satisfactory,,15
GE9002,GE9002_1M,not_satisfactory,,14
GE9005,GE9005_1M,not_satisfactory,,14
GE9006,GE9006_1M,not_satisfactory,,14
GE9011,GE9011_1M,not_satisfactory,,14
GE9012,GE9012_1M,not_satisfactory,,14
GE9013,GE9013_1M,not_satisfactory,,14
GE9014,GE9014_1M,not_satisfactory,,14
GE9021,GE9021_1M,not_satisfactory,,14
GE9022,GE9022_1M,not_satisfactory,,14
GE9023,GE9023_1M,not_satisfactory,,14
GE9024,GE9024_1M,not_satisfactory,,14
GE9031,GE9031_1M,not_satisfactory,,14
GE9032,GE9032_1M,not_satisfactory,,14
GE9033,GE9033_1M,not_satisfactory,,14
GE9034,GE9034_1M,not_satisfactory,,14
GE9035,GE9035_2S,not_satisfactory,,1
GE9041,GE9041_1M,not_satisfactory,,14
GE9042,GE9042_1M,not_satisfactory,,14
GE9043,GE9043_1M,not_satisfactory,,14
GE9044,GE9044_1M,not_satisfactory,,14
GE9901,GE9901_L,not_satisfactory,,5
GE9902,GE9902_L,not_satisfactory,,5
GE9910,GE9910_L,not_satisfactory,,5
L60x,L60x,not_satisfactory,,6
L79x,L79x_LCD,not_satisfactory,,3
LFT,LFT_Tuer,not_satisfactory,,1
NAV0000,NAV0000,not_satisfactory,,1
PC,PC,not_satisfactory,,1
PCD,PCD,not_satisfactory,,1
Rail,Rail,not_satisfactory,,1
RepAus,RepAus,not_satisfactory,,1
RepEin,RepEin,not_satisfactory,,1
SE0010,SE0010,not_satisfactory,,1
SE0011,SE0011,not_satisfactory,,1
SE0012,SE0012,not_satisfactory,,1
SE0013,SE0013,not_satisfactory,,1
SE0014,SE0014,not_satisfactory,,1
SE0021,SE0021,not_satisfactory,,1
SE0022,SE0022,not_satisfactory,,1
SE0023,SE0023,not_satisfactory,,1
SE0024,SE0024,not_satisfactory,,1
SE0041,SE0041,not_satisfactory,,2
SE0051,SE0051,not_satisfactory,,1
SE0052,SE0052,not_satisfactory,,1
SE0053,SE0053,not_satisfactory,,1
SE0054,SE0054,not_satisfactory,,1
SE0061,SE0061,not_satisfactory,,1
SE0062,SE0062,not_satisfactory,,1
SE0063,SE0063,not_satisfactory,,1
SE0064,SE0064,not_satisfactory,,1
SE0071,SE0071,not_satisfactory,,1
SE0072,SE0072,not_satisfactory,,1
SE0073,SE0073,not_satisfactory,,1
SE0074,SE0074,not_satisfactory,,1
SE0081,SE0081,not_satisfactory,,1
SE0082,SE0082,not_satisfactory,,1
SE0083,SE0083,not_satisfactory,,1
SE0084,SE0084,not_satisfactory,,1
SE0090,SE0090,not_satisfactory,,1
SE0091,SE0091,not_satisfactory,,1
SE0092,SE0092,not_satisfactory,,1
SE0093,SE0093,not_satisfactory,,1
SE0094,SE0094,not_satisfactory,,1
SE0100,SE0100,not_satisfactory,,1
SE0101,SE0101,not_satisfactory,,1
SE0102,SE0102,not_satisfactory,,1
SE0103,SE0103,not_satisfactory,,1
SE0104,SE0104,not_satisfactory,,1
SE0110,SE0110,not_satisfactory,,1
SE0111,SE0111,not_satisfactory,,1
SE0112,SE0112,not_satisfactory,,1
SE0113,SE0113,not_satisfactory,,1
SE0114,SE0114,not_satisfactory,,1
SE0120,SE0120,not_satisfactory,,1
SE0121,SE0121,not_satisfactory,,1
SE0122,SE0122,not_satisfactory,,1
SE0123,SE0123,not_satisfactory,,1
SE0124,SE0124,not_satisfactory,,1
SH,SH_Objekt1,not_satisfactory,,3
SemALD1,SemALD1,not_satisfactory,,1
SemALE3,SemALE3,not_satisfactory,,1
SemAWD3,SemAWD3,not_satisfactory,,1
Sign,Sign_07,not_satisfactory,,1
Status,Status,not_satisfactory,,1
WT,WT_L,not_satisfactory,,1
b,b_alarm,not_satisfactory,,14
bg,bg_deco_norm,not_satisfactory,,1
btn,btn_air,not_satisfactory,,9
p,p_date,not_satisfactory,,1
weather01,weather01,not_satisfactory,,1
weather02,weather02,not_satisfactory,,1
weather03,weather03,not_satisfactory,,1
weather04,weather04,not_satisfactory,,1
weather05,weather05,not_satisfactory,,1
z,z_111,not_satisfactory,,58
