variant;filename;status;best_iter;best_error;error_per_pixel;mean_delta2;std_delta2
AC0021;AC0021.jpg;;1;24.843093;0.00621699;7961.668945;20296.365234
AC0030_S;AC0030_S.jpg;;1;13.088472;0.00545353;4223.241211;13888.156250
AC0060_L;AC0060_L.jpg;;1;18.444345;0.00329363;8045.851562;21221.781250
AC0100_M;AC0100_M.jpg;;1;15.340185;0.00852233;1564.094971;5091.751465
AC0150_2;AC0150_2.jpg;;1;42.433750;0.01326055;7988.364258;9553.221680
AC0150_L;AC0150_L.jpg;;1;28.811806;0.00120049;6549.598633;11495.240234
AC0151_L;AC0151_L.jpg;;1;30.379490;0.00094936;4563.439453;4922.208496
AC0153_S;AC0153_S.jpg;;1;34.539254;0.00483066;10776.964844;19395.074219
AC0201_2;AC0201_2.jpg;;1;11.910400;0.00476416;1258.668823;3909.534180
AC0201_S_SIA;AC0201_S_sia.jpg;;1;26.860000;0.05372000;3900.708008;6501.945312
AC0202_1;AC0202_1.jpg;;1;14.139067;0.00565563;2370.021240;7359.681152
AC0202_L_SIA;AC0202_L_sia.jpg;;1;26.681128;0.00820958;5900.386230;11960.306641
AC0203_1;AC0203_1.jpg;;1;9.740667;0.00389627;695.226013;1482.472046
AC0204_L;AC0204_L.jpg;;1;28.431487;0.00874815;7242.609375;13850.659180
AC0212_M;AC0212_M.jpg;;1;23.436944;0.01953079;5211.025879;11558.488281
AC0221_S_SIA;AC0221_S_sia.jpg;;1;18.221667;0.03036944;3035.588379;7373.911133
AC0222_L;AC0222_L.jpg;;1;29.354133;0.00782777;5563.119629;10276.510742
AC0222_S_SIA;AC0222_S_sia.jpg;;1;25.828333;0.04304722;3893.601562;5921.282227
AC0224_M;AC0224_M.jpg;;1;4.997778;0.00370206;245.625931;630.976929
AC0234_M;AC0234_M.jpg;;1;26.067901;0.01930956;6392.465820;14693.001953
AC0243_S;AC0243_S.jpg;;1;23.050667;0.04610133;4470.111816;7946.077148
AC0254_1;AC0254_1.jpg;;1;21.569892;0.02244526;4799.248535;12070.967773
AC0254_2;AC0254_2.jpg;;1;11.068332;0.01151751;587.050964;641.850525
AC0302_1S_SIA;AC0302_1S_sia.jpg;;1;45.879792;0.02867487;10369.479492;9140.958008
AC0302_S_SIA;AC0302_S_sia.jpg;;1;25.599375;0.01599961;5349.333008;9826.880859
AC0304_1_L;AC0304_1_L.jpg;;1;13.676354;0.00213693;4031.300049;12754.378906
AC0304_2L_SIA;AC0304_2L_sia.jpg;;1;22.650729;0.00353918;6186.140137;13881.462891
AC0304_S_SIA;AC0304_S_sia.jpg;;1;25.626250;0.01601641;5331.076172;9761.540039
AC0401_1S_SIA;AC0401_1S_sia.jpg;;1;35.707500;0.08926875;12309.792969;21775.582031
AC0401_1_L;AC0401_1_L.jpg;;1;15.882083;0.00992630;4635.008789;13584.835938
AC0401_S_SIA;AC0401_S_sia.jpg;;1;36.280000;0.09070000;6503.024902;8188.496582
AC0402_2;AC0402_2.jpg;;1;10.212778;0.00283688;1216.183838;4240.493164
AC0402_2S_SIA;AC0402_2S_sia.jpg;;1;31.314167;0.07828542;8938.582031;15771.863281
AC0402_L_SIA;AC0402_L_sia.jpg;;1;38.803750;0.02425234;9230.580078;12295.583008
AC0404_1M_SIA;AC0404_1M_sia.jpg;;1;27.806667;0.03089630;11764.526367;23416.714844
AC0404_S;AC0404_S.jpg;;1;36.580833;0.09145208;7190.597656;8921.845703
AC0411_2_S;AC0411_2_S.jpg;;1;37.570000;0.09392500;6727.479980;6671.032715
AC0411_L;AC0411_L.jpg;;1;17.596875;0.01099805;2448.829346;5239.332520
AC0411_M;AC0411_M.jpg;;1;16.027407;0.01780823;1830.671143;3611.309326
AC0412_1_L;AC0412_1_L.jpg;;1;23.936042;0.01496003;6148.854492;13486.449219
AC0412_2;AC0412_2.jpg;;1;14.602031;0.00228157;3125.340088;9616.367188
AC0421_1_L;AC0421_1_L.jpg;;1;49.818750;0.03113672;11596.425781;10487.449219
AC0421_2_S;AC0421_2_S.jpg;;1;40.720833;0.10180208;7177.242676;7332.493164
AC0422_2_L;AC0422_2_L.jpg;;1;39.187083;0.02449193;7620.877441;11243.023438
AC0424_1_M;AC0424_1_M.jpg;;1;33.084444;0.03676049;11457.424805;21027.972656
AC0424_1_S;AC0424_1_S.jpg;;1;41.834167;0.10458542;8889.537109;10251.154297
AC0424_2_M;AC0424_2_M.jpg;;1;43.955556;0.04883951;13310.388672;19878.914062
AC0501_L;AC0501_L.jpg;;1;16.712812;0.00522275;2549.465332;10258.250000
AC0502_1L_SIA;AC0502_1L_sia.jpg;;1;14.541667;0.00454427;5375.829590;14811.425781
AC0502_M;AC0502_M.jpg;;1;15.830926;0.00879496;1617.510498;5598.746582
AC0502_M_SIA;AC0502_M_sia.jpg;;1;7.495000;0.00416389;1471.731689;6182.826172
AC0502_S;AC0502_S.jpg;;1;14.972083;0.01871510;1523.461304;4253.781738
AC0504_1M_SIA;AC0504_1M_sia.jpg;;1;12.522407;0.00695689;3595.882812;10133.208008
AC0504_L_SIA;AC0504_L_sia.jpg;;1;8.040313;0.00251260;1580.648438;6308.424316
AC0512_1_S;AC0512_1_S.jpg;;1;34.198333;0.04274792;5789.189941;6470.130371
AC0512_L;AC0512_L.jpg;;1;22.034375;0.00688574;3388.545654;7626.461914
AC0532_2M_SIA;AC0532_2M_sia.jpg;;1;9.645926;0.00535885;2271.122314;7770.555176
AC0532_S_SIA;AC0532_S_sia.jpg;;1;7.277500;0.00909687;1209.000000;5292.463867
AC0534_1L_SIA;AC0534_1L_sia.jpg;;1;18.299375;0.00571855;7486.221680;19474.689453
AC0534_M_SIA;AC0534_M_sia.jpg;;1;11.196111;0.00622006;2628.431641;8476.157227
AC0535_2S_SIA;AC0535_2S_sia.jpg;;1;17.625833;0.02203229;4191.307617;9488.903320
AC0536_1S_SIA;AC0536_1S_sia.jpg;;1;20.435417;0.02554427;7162.198730;17310.476562
AC0536_S_SIA;AC0536_S_sia.jpg;;1;10.775000;0.01346875;2177.864990;6859.844238
AC0538_2S_SIA;AC0538_2S_sia.jpg;;1;18.561667;0.02320208;4441.607422;9698.963867
AC0541_1_S;AC0541_1_S.jpg;;1;31.751667;0.07937917;4993.314941;4238.053223
AC0541_2_L;AC0541_2_L.jpg;;1;29.970000;0.01873125;4030.011230;5014.214355
AC0551_2_L;AC0551_2_L.jpg;;1;28.632083;0.00894753;3238.301758;2786.206055
AC0551_2_S;AC0551_2_S.jpg;;1;30.220833;0.03777604;3589.155029;2297.259766
AC0552_L;AC0552_L.jpg;;1;23.618542;0.00738079;3379.093018;6334.794922
AC0554_1_M;AC0554_1_M.jpg;;1;27.839630;0.01546646;5097.756836;9646.432617
AC0554_M;AC0554_M.jpg;;1;20.415556;0.01134198;2693.459961;6091.077148
AC0572_M;AC0572_M.jpg;;1;16.617222;0.00923179;2578.068359;7164.053711
AC0704_L;AC0704_L.jpg;;1;18.752000;0.01666844;3206.976074;8321.258789
AC0711_M;AC0711_M.jpg;;1;20.772857;0.02967551;4627.778809;11841.917969
AC0712_M;AC0712_M.jpg;;1;22.619048;0.03231293;4151.128418;10715.068359
AC0713_1_L;AC0713_1_L.jpg;;1;29.586667;0.02629926;7251.375000;12634.479492
AC0713_1_M;AC0713_1_M.jpg;;1;33.057143;0.04722449;9186.342773;16219.938477
AC0713_M;AC0713_M.jpg;;1;21.707143;0.03101020;4512.338379;10849.670898
AC0721_1_L;AC0721_1_L.jpg;;1;11.302519;0.01004668;3473.224854;12949.695312
AC0723_M;AC0723_M.jpg;;1;24.067143;0.03438163;5500.847168;12698.833984
AC0734_1_M;AC0734_1_M.jpg;;1;32.812381;0.04687483;11425.802734;20917.056641
AC0800_L;AC0800_L.jpg;;0;;;626.599976;1559.946289
AC0812_L;AC0812_L.jpg;;1;18.472889;0.01642035;819.733337;2630.451172
AC0812_M;AC0812_M.jpg;;0;;;1687.868530;6916.199707
AC0812_S;AC0812_S.jpg;;0;;;697.168030;1595.431396
AC0814_M;AC0814_M.jpg;;0;;;1679.704346;6910.367188
AC0814_S;AC0814_S.jpg;;1;8.328000;0.02220800;748.719971;2077.811279
AC0820_L;AC0820_L.jpg;;0;;;7458.403320;13596.955078
AC0820_S;AC0820_S.jpg;;1;29.511111;0.13116049;5785.013184;9320.757812
AC0832_L;AC0832_L.jpg;;0;;;5384.218750;12344.456055
AC0832_M;AC0832_M.jpg;;0;;;5257.187012;12332.290039
AC0832_S;AC0832_S.jpg;;0;;;3674.855957;7488.608887
AC0834_L;AC0834_L.jpg;;0;;;3420.221436;10831.695312
AC0834_M;AC0834_M.jpg;;0;;;4659.295898;11822.006836
AC0834_S;AC0834_S.jpg;;0;;;3770.976074;11067.128906
AC0835_M;AC0835_M.jpg;;0;;;7424.032715;13100.988281
AC0835_S;AC0835_S.jpg;;1;31.475556;0.13989136;6373.213379;11414.652344
AC0837_M;AC0837_M.jpg;;0;;;5521.928711;13202.775391
AC0837_S;AC0837_S.jpg;;0;;;3344.303955;9528.550781
AC0839_M;AC0839_M.jpg;;0;;;5271.827148;13002.995117
AC0839_S;AC0839_S.jpg;;0;;;3389.488037;9608.041016
AC0846_L;AC0846_L.jpg;;1;27.656889;0.02458390;7123.439941;14403.709961
AC0846_S;AC0846_S.jpg;;1;22.352000;0.05960533;5217.279785;12120.835938
AC0848_L;AC0848_L.jpg;;1;27.981037;0.02487203;7535.952148;15223.121094
AC0863_S;AC0863_S.jpg;;1;18.880000;0.05034667;4662.895996;13019.604492
AC0864_L;AC0864_L.jpg;;1;17.124444;0.01522173;4655.224121;13306.292969
AC0870_L;AC0870_L.jpg;;0;;;6557.373535;13085.426758
AC0870_M;AC0870_M.jpg;;0;;;5953.522461;10372.234375
AC0882_L;AC0882_L.jpg;;1;19.544000;0.01737244;2166.453369;7459.955566
AC0882_M;AC0882_M.jpg;;0;;;5050.285645;14081.818359
AC0882_S;AC0882_S.jpg;;0;;;4982.791992;11059.020508
AC0900_L;AC0900_L.jpg;;1;9.098286;0.00129976;2648.142090;9518.000000
AC0901_M;AC0901_M.jpg;;1;11.770000;0.00267500;3437.090576;11139.907227
AC0911_S;AC0911_S.jpg;;1;35.978667;0.09594311;7606.432129;12932.383789
AC0932_L;AC0932_L.jpg;;1;21.785778;0.01936514;5653.378906;13066.987305
AC1000_S;AC1000_S.jpg;;1;40.248889;0.17888395;7024.533203;7817.070801
AC1001_S;AC1001_S.jpg;;1;39.016000;0.10404267;8723.351562;14084.593750
AC5000_S;AC5000_S.jpg;;1;29.865000;0.01244375;4834.712402;6747.701172
AC5010_L_PKW;AC5010_L_PKW.jpg;;1;25.434473;0.00072463;5489.251953;10009.908203
AC5010_S;AC5010_S.jpg;;1;41.193701;0.00302895;7771.408203;7179.608398
AC5030_L;AC5030_L.jpg;;1;33.569582;0.00041650;5492.958496;7484.493652
AC5030_S;AC5030_S.jpg;;1;30.911147;0.00164859;4801.227539;6965.904785
AC5050_S;AC5050_S.jpg;;1;17.163895;0.00180673;3781.008789;9794.889648
AR0043;AR0043.jpg;;1;32.643796;0.01866426;5243.197266;8252.979492
BACKCOLORFULLSCREEN;BackColorFullScreen.JPG;;1;0.550000;0.00137500;1.650000;1.492481
BTN_HWATER;btn_hwater.jpg;;1;19.426743;0.00069518;3228.312500;9768.433594
BTN_SANITARY;btn_sanitary.jpg;;1;16.853450;0.00060309;2669.182861;12128.317383
BTN_SETT;btn_sett.jpg;;1;20.539989;0.00073501;4330.593262;15140.400391
B_SETTINGS;b_settings.jpg;;1;23.701357;0.00893716;3912.939697;9160.630859
DLG0003;DLG0003.jpg;;1;10.224885;0.00037127;531.337524;1201.255127
DLG0013;DLG0013.JPG;;1;8.144495;0.00093080;812.381592;1926.845337
DLG0021;DLG0021.jpg;;1;52.089699;0.09043351;24856.818359;48274.359375
DLG0030;DLG0030.jpg;;1;22.039352;0.03826276;9307.538086;29625.648438
GE0001_L;GE0001_L.jpg;;1;46.213129;0.00943125;12545.183594;21118.392578
GE0002_M;GE0002_M.jpg;;1;17.050463;0.00473624;2775.494629;7817.653809
GE0004_M;GE0004_M.jpg;;1;17.531574;0.00486988;2834.804199;7686.378418
GE0011;GE0011.jpg;;1;8.683458;0.00001104;396.873688;1378.317993
GE0012_M;GE0012_M.jpg;;1;30.959259;0.00859979;5395.835449;9780.855469
GE0015_L;GE0015_L.jpg;;1;33.679252;0.00687332;8108.188477;13158.759766
GE0021_M;GE0021_M.jpg;;1;10.376481;0.00288236;583.314453;743.072998
GE0023_1_M;GE0023_1_M.jpg;;1;19.406111;0.00539059;2770.625488;4004.759033
GE0023_S;GE0023_S.jpg;;1;19.872000;0.00794880;3330.854492;9490.303711
GE0027;GE0027.jpg;;1;21.164821;0.00397163;3797.856934;9531.346680
GE0032_S;GE0032_S.jpg;;1;19.186000;0.00767440;3269.802002;8322.847656
GE0033_S;GE0033_S.jpg;;1;29.831467;0.01193259;4935.145508;6294.757324
GE0034_S;GE0034_S.jpg;;1;30.746933;0.01229877;5215.950195;6498.232910
GE0036_M;GE0036_M.jpg;;1;26.333426;0.00731484;5833.505371;11388.647461
GE0043_M;GE0043_M.jpg;;1;22.527407;0.02503045;2283.028809;1759.241089
GE0045_L;GE0045_L.jpg;;1;25.547483;0.02085509;4525.251465;7020.154297
GE0045_S;GE0045_S.jpg;;1;14.531733;0.02325077;1543.966431;3888.466064
GE0100_M;GE0100_M.jpg;;1;11.329238;0.00161846;701.311707;1498.651611
GE0107_S;GE0107_S.jpg;;1;17.475746;0.00332871;3385.678467;12754.688477
GE0109_S;GE0109_S.jpg;;1;15.849397;0.00301893;1604.467773;5287.133789
GE0202_M;GE0202_M.jpg;;1;16.923426;0.00470095;1812.744141;2744.040283
GE0202_S;GE0202_S.jpg;;1;17.480267;0.00699211;2366.996094;6113.651367
GE0205_L;GE0205_L.jpg;;1;21.045238;0.00429495;3722.814697;8082.244141
GE0206_L;GE0206_L.jpg;;1;16.132653;0.00329238;1902.384033;2980.780518
GE0285;GE0285.jpg;;1;33.877500;0.08469375;6444.557617;4188.212891
GE0304_L;GE0304_L.jpg;;1;26.690340;0.00544701;6432.481445;14149.903320
GE0308_L;GE0308_L.jpg;;1;39.222993;0.00800469;10305.499023;15033.322266
GE0347;GE0347.jpg;;1;29.502756;0.00524493;6631.317871;12727.389648
GE0350;GE0350.jpg;;1;18.700741;0.00332458;3107.675781;8737.037109
GE0355;GE0355.jpg;;1;23.837926;0.00423785;5781.439453;12903.722656
GE0365;GE0365.jpg;;1;22.863384;0.00423239;4646.467773;11156.545898
GE0999;GE0999.jpg;;1;11.257067;0.00200126;618.262573;933.686157
GE1001_M;GE1001_M.jpg;;1;41.303467;0.06608555;15903.426758;31123.531250
GE1003_L;GE1003_L.jpg;;1;37.615185;0.04179465;15097.363281;32459.689453
GE1100_S;GE1100_S.jpg;;1;14.190000;0.02838000;1391.258057;2202.641357
GE1101_S;GE1101_S.jpg;;1;17.660000;0.03532000;1726.495972;2192.776123
GE1310_M;GE1310_M.jpg;;1;1.808889;0.00096474;93.208000;287.348633
GE1401_L;GE1401_L.jpg;;1;12.571852;0.00931248;948.038513;2726.118896
GE1402_L;GE1402_L.jpg;;1;15.235062;0.01128523;1157.754028;2426.487793
GE1402_M;GE1402_M.jpg;;1;13.691048;0.01564691;900.988586;1705.520264
GE1410_L;GE1410_L.jpg;;1;47.600533;0.07616085;24170.253906;46253.468750
GE9001_3SX;GE9001_3Sx.jpg;;1;6.475986;0.00174086;1201.531128;4033.904785
GE9001_6S;GE9001_6S.jpg;;1;22.164444;0.03694074;3661.479980;5683.008301
GE9005_3M;GE9005_3M.jpg;;1;27.950000;0.06987500;5906.250000;9092.670898
GE9005_7S;GE9005_7S.jpg;;1;23.300000;0.23300000;3492.500000;3948.648682
GE9006_4S;GE9006_4S.jpg;;1;10.386667;0.10386667;52.000000;106.544823
GE9006_7S;GE9006_7S.jpg;;1;24.656667;0.24656667;4453.229980;4615.348145
GE9011_4M;GE9011_4M.jpg;;1;28.115556;0.02342963;5743.853516;9100.759766
GE9012_2S;GE9012_2S.jpg;;1;39.286667;0.13095556;14774.686523;29015.730469
GE9012_6M;GE9012_6M.jpg;;1;41.218333;0.03434861;16423.210938;31353.095703
GE9013_1M;GE9013_1M.jpg;;1;45.137500;0.03761458;16001.943359;22744.216797
GE9013_2S;GE9013_2S.jpg;;1;41.438889;0.13812963;11337.410156;17792.880859
GE9014_7S;GE9014_7S.jpg;;1;29.181111;0.09727037;9312.976562;12524.120117
GE9021_2M;GE9021_2M.jpg;;1;40.679722;0.03389977;13325.614258;22328.175781
GE9021_2S;GE9021_2S.jpg;;1;36.953333;0.12317778;9076.440430;16799.931641
GE9021_4M;GE9021_4M.jpg;;1;25.108333;0.02092361;3860.441650;6685.895996
GE9021_6S;GE9021_6S.jpg;;1;46.684444;0.15561481;12536.860352;20647.503906
GE9022_6M;GE9022_6M.jpg;;1;43.904444;0.03658704;15065.906250;26785.271484
GE9022_7S;GE9022_7S.jpg;;1;29.646667;0.09882222;9951.287109;13961.044922
GE9023_2S;GE9023_2S.jpg;;1;37.478889;0.12492963;8635.663086;15327.272461
GE9031_7S;GE9031_7S.jpg;;1;16.925000;0.04231250;3901.205078;6502.754883
GE9032_1M;GE9032_1M.jpg;;1;22.373125;0.01398320;5537.033203;11993.791016
GE9032_1S;GE9032_1S.jpg;;1;30.384167;0.07596042;4853.272461;5648.880371
GE9032_6S;GE9032_6S.jpg;;1;28.593333;0.07148333;6981.890137;12446.927734
GE9033_1M;GE9033_1M.jpg;;1;24.600833;0.01537552;6374.351074;13300.595703
GE9033_3M;GE9033_3M.jpg;;1;18.210000;0.01138125;3331.568848;7645.342285
GE9033_4M;GE9033_4M.jpg;;1;16.654167;0.01040885;1746.396240;2787.063232
GE9034_2S;GE9034_2S.jpg;;1;26.798333;0.06699583;6671.259766;11292.404297
GE9034_6S;GE9034_6S.jpg;;1;28.725000;0.07181250;6989.279785;12362.163086
GE9035_2S;GE9035_2S.jpg;;1;30.695000;0.07673750;5911.479980;8520.407227
GE9041_1S;GE9041_1S.jpg;;1;16.292500;0.04073125;3702.222412;8109.300293
GE9041_5S;GE9041_5S.jpg;;1;13.735833;0.03433958;2827.822510;6293.012695
GE9042_3S;GE9042_3S.jpg;;1;15.272500;0.03818125;2316.777588;6214.078613
GE9043_1M;GE9043_1M.jpg;;1;15.948750;0.00996797;4977.950195;13685.013672
GE9043_2S;GE9043_2S.jpg;;1;14.799167;0.03699792;2544.112549;5355.717285
GE9043_3S;GE9043_3S.jpg;;1;12.342500;0.03085625;2049.282471;5181.043945
GE9043_6S;GE9043_6S.jpg;;1;19.222500;0.04805625;4244.772461;9235.079102
GE9044_3M;GE9044_3M.jpg;;1;13.446667;0.00840417;3380.187500;9351.762695
GE9901_L;GE9901_L.jpg;;1;3.667537;0.00000466;411.944122;1674.109009
L60X;L60x.jpg;;1;56.253373;0.00677751;19057.296875;27735.486328
NAV0014;NAV0014.JPG;;1;31.410370;0.02326694;5448.654785;9775.348633
SE0010;SE0010.jpg;;1;25.433846;0.03912899;6004.772461;12978.762695
SE0014;SE0014.jpg;;1;20.948077;0.02014238;5204.128906;12827.199219
SE0024;SE0024.jpg;;1;16.889286;0.02010629;3980.125000;10605.872070
SE0041_1;SE0041_1.jpg;;1;65.975649;0.05355166;22543.972656;21075.390625
SE0071;SE0071.jpg;;1;25.041026;0.02568310;6102.439941;14000.571289
SE0072;SE0072.jpg;;1;27.604571;0.03154808;7378.175781;15426.099609
SE0102;SE0102.jpg;;1;28.009375;0.02917643;6544.796875;13536.108398
SE0120;SE0120.jpg;;1;30.720000;0.04915200;8090.707031;15804.640625
UNBENANNT;Unbenannt.JPG;;1;7.115407;0.00316240;371.834229;690.879395
WEATHER03;weather03.jpg;;1;35.400878;0.00951381;7922.636230;13936.216797
Z_205;z_205.jpg;;1;33.723856;0.08265651;5695.588379;6542.563477
Z_247;z_247.jpg;;1;34.882035;0.11325336;8510.502930;18484.257812
Z_298;z_298.jpg;;1;24.043860;0.09039045;3269.996338;4330.763184
Z_299;z_299.jpg;;1;27.271930;0.10252605;4359.236816;7486.159180
