image;mean_delta2;std_delta2;tile_std_delta2;localized_error_fraction;spatial_quality_score
GE1312_S.jpg;187278.078125;20945.652344;12535.514694;0.312494;217167.469934
GE9002_7S.jpg;82953.601562;68182.460938;67868.312871;0.512195;157025.824647
GE9002_4M.jpg;66905.203125;65555.554688;61046.375018;0.614001;143534.092125
GE9002_5S.jpg;72037.601562;60054.382812;60032.221624;0.513249;136981.944901
GE9002_3M.jpg;61559.945312;61558.378906;56770.755049;0.630059;134378.373108
GE9002_3S.jpg;68181.703125;57762.769531;57960.271806;0.513619;130192.066858
GE9002_2M.jpg;55170.851562;58253.070312;52528.846082;0.648010;123298.330966
GE9002_1S.jpg;63743.500000;54188.570312;54513.585316;0.512260;121676.828559
GE9002_2S.jpg;59608.398438;51441.312500;52068.027654;0.513949;114443.525208
GE9002_6S.jpg;48666.699219;44268.679688;44780.793286;0.516340;94690.627755
AC0302_1L_sia.jpg;36602.835938;37470.203125;27858.685087;0.504657;68742.727758
DLG0021.jpg;24856.818359;48274.359375;34784.495003;0.790170;68712.648564
GE1410_L.jpg;24170.253906;46253.468750;25253.664495;0.611534;55111.130998
DLG0051.jpg;19127.306641;48140.382812;23156.324307;0.826257;54090.563689
AC5041_M.jpg;27891.062500;22614.246094;19109.524650;0.500341;50805.357129
AC0304_2_M.jpg;22434.597656;29427.908203;22830.890530;0.633272;50565.291180
GE0302.jpg;17485.033203;28886.433594;25605.014740;0.828385;49561.604829
DLG0010_1.jpg;20869.585938;26814.867188;22878.921222;0.664078;48841.971661
GE9014_1S.jpg;15803.283203;31007.669922;25419.078842;0.883993;47839.059292
GE9012_2S.jpg;14774.686523;29015.730469;28496.330335;0.926082;47627.778327
AC0403_1L_sia.jpg;24258.070312;24102.996094;19731.856780;0.516269;46492.887461
GE1003_L.jpg;15097.363281;32459.689453;24814.224496;0.864638;45587.131292
L60x.jpg;19057.296875;27735.486328;20821.022068;0.663599;44882.379707
AC0304_1L_sia.jpg;20070.208984;28308.330078;19810.990076;0.610107;44289.752125
GE9012_6M.jpg;16423.210938;31353.095703;20191.704944;0.784587;44184.900625
SE0041_1.jpg;22543.972656;21075.390625;19207.882993;0.527629;43891.987628
GE1001_M.jpg;15903.426758;31123.531250;23443.122460;0.773096;43858.896281
GE0300.jpg;14997.647461;26054.851562;20907.197479;0.793370;41219.190558
GE0016.jpg;21919.658203;24526.015625;14348.575659;0.482095;39569.166606
AC0403_1M_sia.jpg;14409.601562;25003.042969;18217.153337;0.809988;39424.309477
DLG0050.jpg;11765.549805;40008.394531;19177.255168;0.958894;39159.493290
GE9022_6M.jpg;15065.906250;26785.271484;17397.908126;0.744376;38730.142497
GE1003_S.jpg;12164.690430;28507.412109;22325.632880;0.898362;38603.658706
GE9014_6S.jpg;12637.589844;25164.730469;21181.286875;0.848452;37693.491443
AC0404_1M_sia.jpg;11764.526367;23416.714844;17934.142843;0.906171;35822.228565
GE9024_1M.jpg;14067.176758;25791.919922;18737.685348;0.693751;35689.207036
AC0070_L.jpg;12807.448242;26279.056641;17598.035641;0.787503;35362.748170
AC0411_2_L.jpg;12585.700195;21313.359375;17617.103977;0.785235;34355.627734
AC0414_2_L.jpg;12369.622070;21177.623047;17682.699284;0.797500;34221.061154
GE9024_6M.jpg;13648.017578;22869.117188;14356.158387;0.727605;33996.306057
GE9013_1M.jpg;16001.943359;22744.216797;14548.391877;0.571900;33670.367213
GE0016_M.jpg;12160.516602;26251.580078;17842.667019;0.767369;33613.549461
AC0401_1S_sia.jpg;12309.792969;21775.582031;14911.708975;0.814441;33602.763592
GE9024_6S.jpg;10101.306641;25207.591797;24100.624893;0.859632;33373.451168
AC0411_1_M.jpg;11387.009766;21184.779297;16834.394920;0.852287;33114.011746
DLG0030.jpg;9307.538086;29625.648438;19887.699761;0.995557;33109.407059
GE9013_1S.jpg;11910.040039;19637.960938;18318.287850;0.785719;33046.110256
AC0302_2S_sia.jpg;12914.177734;20945.847656;16650.441433;0.721063;33003.197222
GE9021_6S.jpg;12536.860352;20647.503906;19384.681175;0.697787;32613.939468
AC0424_2_M.jpg;13310.388672;19878.914062;14197.979519;0.711818;32561.531598
AC0424_1_M.jpg;11457.424805;21027.972656;16467.686937;0.823584;32467.502911
AC0414_1_S.jpg;10832.542969;19981.691406;16060.265288;0.861842;31707.404284
AC0422_1_M.jpg;13402.606445;20468.111328;16039.502374;0.645820;31673.282123
AC0412_1_S.jpg;10811.127930;19941.167969;16034.345516;0.861948;31648.972433
NAV0017.jpg;11416.197266;21840.460938;15140.487954;0.798792;31429.644765
AC0423_1_M.jpg;11316.378906;20716.242188;15986.721537;0.789044;31183.415126
GE0301.jpg;10757.569336;20234.851562;18010.031278;0.811595;31167.350054
GE9022_2M.jpg;12167.770508;21667.980469;13949.070779;0.727654;30840.712600
GE9012_2M.jpg;11150.383789;20281.609375;16058.328532;0.789222;30824.023889
AC0090_S.jpg;10936.372070;23529.419922;15282.841477;0.805113;30780.151528
GE9013_2S.jpg;11337.410156;17792.880859;17438.146180;0.750187;30561.697895
GE0001_L.jpg;12545.183594;21118.392578;13075.809008;0.697132;30452.259198
AC0421_1_M.jpg;12811.249023;19203.425781;15875.126565;0.645408;30419.217117
GE9021_2M.jpg;13325.614258;22328.175781;15428.021237;0.590810;30041.238914
GE0304.jpg;10621.373047;19668.361328;16301.465447;0.801854;30016.623673
GE0001_S.jpg;12749.673828;21372.695312;13631.359355;0.651989;29908.366517
GE9011_2M.jpg;11033.614258;20724.578125;13529.996232;0.796322;29897.388768
GE9022_1M.jpg;11693.692383;21227.619141;13806.386808;0.723196;29715.516652
AC0704_1_S.jpg;11714.405273;21958.574219;15597.145652;0.687980;29630.615621
AC0403_1S_sia.jpg;9437.007812;20163.919922;14922.533566;0.904338;29026.268212
GE0353.jpg;9960.951172;19238.892578;14291.259286;0.815534;28153.298891
GE0001_1_S.jpg;11576.463867;19480.431641;12596.776362;0.668896;27632.047447
AC0153_L.jpg;11315.971680;20041.035156;12927.527226;0.667022;27282.718280
SemAWD3.jpg;15630.652344;19867.179688;9546.985289;0.449501;27195.491020
AC0153_S.jpg;10776.964844;19395.074219;12944.547609;0.710580;27174.366925
AC0734_1_M.jpg;11425.802734;20917.056641;11707.496809;0.667961;27166.202179
GE9011_2S.jpg;9882.870117;17579.685547;13574.002487;0.787387;27013.598002
AC0203_2.jpg;12331.576172;18275.937500;11497.911062;0.604473;26925.862915
AC0537_1M_sia.jpg;8305.958008;20309.802734;14865.315816;0.935251;26923.128021
NAV0018.jpg;10982.734375;14729.170898;11543.870439;0.695284;26276.882764
GE9012_5S.jpg;8588.200195;15822.369141;15182.481639;0.873839;26199.612593
GE0033.jpg;9113.940430;20731.871094;13411.444281;0.809281;26075.632927
AC0402_2M_sia.jpg;9521.613281;16836.587891;12387.144789;0.802462;26061.423800
GE0003_M.jpg;10285.487305;17945.927734;12251.681309;0.720167;26039.951980
AC0503_1M_sia.jpg;7951.491211;19872.408203;14933.476990;0.927772;25944.049113
GE9021_1M.jpg;10074.940430;19314.421875;14806.583204;0.672112;25694.190981
AC0402_1S_sia.jpg;13696.000000;15176.232422;11565.625411;0.483388;25654.547136
GE9013_7M.jpg;11885.887695;17029.441406;12578.350063;0.572053;25647.037400
AC0403_2S_sia.jpg;10937.905273;15351.068359;11578.484593;0.657970;25450.154440
AC0152_S.jpg;10565.447266;18696.207031;11962.881500;0.666119;25415.041033
AC0060_L.jpg;8045.851562;21221.781250;14035.676914;0.886101;25316.461063
AC0402_2S_sia.jpg;8938.582031;15771.863281;12521.286606;0.820423;25095.766887
AC0534_1L_sia.jpg;7486.221680;19474.689453;14550.771519;0.950807;25019.256945
AC0845_M.jpg;8743.462891;16741.619141;12855.579937;0.826422;24996.931983
GE9021_2S.jpg;9076.440430;16799.931641;15919.995645;0.719909;24858.625807
AC0090_M.jpg;8823.835938;21429.511719;12738.173179;0.784082;24850.457570
AC0713_1_M.jpg;9186.342773;16219.938477;12571.815306;0.766817;24703.794749
GE0308_L.jpg;10305.499023;15033.322266;11496.124284;0.677138;24636.220675
GE9022_7S.jpg;9951.287109;13961.044922;10962.198935;0.699671;24133.778294
AC0922_M.jpg;8580.753906;17491.503906;12370.617983;0.768793;23562.883054
AC5010_L.jpg;12091.359375;14029.772461;9716.243198;0.523674;23513.195152
AC0021.jpg;7961.668945;20296.365234;13176.303088;0.803557;23417.494035
AC0850_L.jpg;9741.212891;16922.687500;9783.605209;0.681681;23267.929748
GE9014_7S.jpg;9312.976562;12524.120117;10111.100938;0.737684;23187.845468
z_262.jpg;9224.348633;15144.446289;10902.598993;0.706428;22975.201300
z_247.jpg;8510.502930;18484.257812;11747.168847;0.747849;22944.328725
AC0404_1L_sia.jpg;11664.179688;12744.994141;9096.757598;0.541208;22915.942829
GE9022_5M.jpg;9045.337891;16062.068359;9772.369478;0.719475;22564.995661
GE0015_L.jpg;8108.188477;13158.759766;10870.551523;0.825547;22562.047581
AC0536_1S_sia.jpg;7162.198730;17310.476562;12559.857138;0.889535;22450.151985
GE9023_2S.jpg;8635.663086;15327.272461;12339.912977;0.708439;22405.214647
AC0847_M.jpg;7232.005859;17079.150391;11198.228301;0.906945;22361.355280
GE9012_3M.jpg;8292.351562;16105.845703;11525.462210;0.757100;22346.943634
GE9023_7S.jpg;8440.389648;13839.062500;10678.223129;0.765274;22259.905298
GE9024_7M.jpg;8919.702148;16160.505859;11535.573890;0.680518;22253.390377
AC0401_2_S.jpg;11460.457031;11542.201172;8733.243133;0.533449;22168.223229
AC0701_1_M.jpg;7255.692871;17807.761719;11334.202977;0.871026;22015.390817
GE0203_M.jpg;6649.915527;17105.816406;12805.943372;0.934100;21940.985643
AC0542_L.jpg;8074.578613;14919.710938;13659.251735;0.715265;21860.928312
AC0724_1_L.jpg;11974.907227;10772.790039;7940.253267;0.498280;21777.531155
AC0024.jpg;7629.320801;21479.789062;11339.689086;0.772335;21716.309621
GE0203_S.jpg;6519.854980;16770.308594;13276.869830;0.929832;21708.596726
GE0034_M.jpg;6991.705566;12332.773438;11309.938286;0.930065;21693.092992
GE9021_7M.jpg;9378.992188;16017.310547;10642.362974;0.622280;21688.780467
AC0531_1S_sia.jpg;6532.935059;17638.978516;13295.217538;0.918500;21684.696627
GE9014_7M.jpg;9262.131836;15601.099609;9571.117192;0.654538;21665.910451
AC0421_1_L.jpg;11596.425781;10487.449219;7884.748436;0.511756;21475.700535
GE0283.jpg;7488.401367;15282.981445;12504.815710;0.788171;21453.470051
AC0923_L.jpg;8323.636719;16934.572266;10736.720092;0.693581;21159.359110
WorkFlow.jpg;9114.294922;23890.009766;8810.746610;0.603040;21022.484221
AC0060_S.jpg;6767.504395;19083.679688;12469.800646;0.833274;20934.926744
AC0845_S.jpg;6536.853516;15676.503906;10560.246393;0.946368;20904.697064
AC0501_1S_sia.jpg;6128.488770;16251.600586;13216.871677;0.932310;20742.617067
AC0731_M.jpg;7695.128418;15230.856445;9739.748427;0.775384;20712.927279
AC0734_S.jpg;7239.832031;15380.439453;10918.684763;0.800664;20572.843678
AC0732_L.jpg;7547.909180;15784.020508;10567.362435;0.756778;20475.114594
GE0015_M.jpg;7232.140137;11964.050781;10138.940986;0.833175;20412.384719
AC0537_1S_sia.jpg;6502.301270;15221.185547;11122.555042;0.899176;20359.588489
AC1001_S.jpg;8723.351562;14084.593750;9525.732080;0.638666;20246.748825
AC0731_L.jpg;8412.853516;16548.714844;9396.060412;0.654040;20154.612958
AC0080_S.jpg;6747.599121;17650.529297;11052.510686;0.818000;20046.296989
GE0308_S.jpg;7969.905762;15037.059570;10160.473954;0.687766;20007.691344
GE0304_S.jpg;6459.717773;14608.075195;12276.690763;0.850600;19976.774068
AC0402_L_sia.jpg;9230.580078;12295.583008;8402.158992;0.605067;19955.845331
AC0850_M.jpg;6655.042480;15068.831055;10204.506272;0.866851;19943.846507
GE0346.jpg;10887.385742;14644.267578;7659.987890;0.474976;19931.618637
GE0304_L.jpg;6432.481445;14149.903320;11408.576359;0.872438;19848.109900
GE1411_M.jpg;5477.944824;19069.435547;14169.567526;0.917861;19661.249278
AWD3.jpg;9591.680664;13181.989258;8050.902444;0.554356;19566.263258
SE0111.jpg;7243.713867;16140.833984;9548.696751;0.750595;19452.181640
AC0501_2M_sia.jpg;7608.629395;15647.866211;8882.711486;0.714729;19354.261378
GE9044_1M.jpg;5729.283203;15167.563477;10821.752792;0.965701;19234.556577
GE0347.jpg;6631.317871;12727.389648;9879.470594;0.842822;19224.259605
NAV0015.jpg;7469.762207;11655.964844;9487.266207;0.722542;19015.460738
GE0015.jpg;9251.298828;16303.675781;7519.185056;0.542465;18924.747795
AC0402_2_M.jpg;7220.507812;12940.561523;8933.690848;0.746747;18814.881907
AC0534_1S_sia.jpg;6063.008789;15055.016602;10275.454305;0.873164;18721.415130
AC0713_1_L.jpg;7251.375000;12634.479492;9783.026372;0.717540;18719.491409
btn_start.jpg;5371.678223;18280.056641;11898.656670;0.934179;18714.588258
GE0355.jpg;5781.439453;12903.722656;11581.495598;0.896656;18602.539302
AC0504_2M_sia.jpg;5747.507812;14750.717773;9509.143166;0.948156;18576.088080
SE0120.jpg;8090.707031;15804.640625;8749.630929;0.608584;18535.944998
AC0849_M.jpg;5821.174316;15455.967773;9440.005824;0.924442;18522.857459
AC0733_L.jpg;6696.645508;13416.284180;10154.885161;0.765461;18496.203912
AC0848_L.jpg;7535.952148;15223.121094;9426.964108;0.656565;18485.407594
AC0924_M.jpg;7839.830078;13276.095703;8303.222923;0.655746;18435.529878
GE9024_5S.jpg;6010.313477;12914.248047;11362.170272;0.844812;18428.508047
AC0023.jpg;5771.525391;16194.165039;10201.694778;0.880696;18241.687494
AC0733_M.jpg;6300.955566;13591.458008;9646.579717;0.820883;18230.620528
GE0352.jpg;6478.561523;12253.290039;9647.059719;0.797743;18177.535940
AC0841_L.jpg;7925.058594;14578.012695;7702.752787;0.632893;18147.717950
AC0722_L.jpg;6370.368164;14595.421875;9197.451523;0.802694;18090.751899
AC0304_1S_sia.jpg;8652.655273;17342.572266;7434.805079;0.543828;18073.876938
GE9034_6S.jpg;6989.279785;12362.163086;8031.997845;0.752150;18056.035124
GE9011_3M.jpg;6781.962402;12571.466797;8065.494550;0.777173;18012.560821
AC0303_1S_sia.jpg;8634.506836;17300.947266;7432.630449;0.541753;18004.305009
AC0502_1L_sia.jpg;5375.829590;14811.425781;10473.803198;0.937402;17913.518270
GE0036_M.jpg;5833.505371;11388.647461;9865.415033;0.891669;17911.629586
GE0037_M.jpg;5823.759277;11417.484375;9666.015170;0.895082;17862.214198
AC0732_1_L.jpg;6015.989258;15190.612305;9894.454215;0.820341;17860.441822
GE0033_L.jpg;6455.276855;11118.419922;8533.791602;0.815366;17853.133800
AC0732_M.jpg;6483.428711;12768.657227;8643.712106;0.794720;17848.905251
AC0863_L.jpg;6633.066895;14801.823242;9355.410010;0.736972;17847.882944
AC0424_1_S.jpg;8889.537109;10251.154297;7917.951132;0.539328;17829.926459
GE9034_1M.jpg;6140.774902;13517.744141;9743.619572;0.813252;17820.418556
GE9033_1M.jpg;6374.351074;13300.595703;9637.154050;0.775069;17771.357503
AC0835_S.jpg;6788.186523;11889.617188;7992.357473;0.763941;17751.926544
AC0234_M.jpg;6392.465820;14693.001953;8571.175068;0.777609;17607.127178
AC0820_L.jpg;8237.646484;14359.784180;7177.265059;0.577493;17581.204220
z_258.jpg;6361.962402;11750.527344;9393.417941;0.778668;17551.436976
AC0846_L.jpg;7123.439941;14403.709961;8039.711359;0.679481;17496.469863
GE0037_S.jpg;5731.375977;11461.449219;10252.830663;0.858346;17439.327602
AC0842_S.jpg;5842.976074;13494.734375;9789.712977;0.832547;17426.465140
AC0910_M.jpg;5985.015137;13628.084961;9603.159972;0.809802;17409.782276
AC0911_S.jpg;7606.432129;12932.383789;7887.305759;0.625438;17371.715620
AC0401_L_sia.jpg;5944.395020;11733.264648;9095.694890;0.843107;17352.542219
AC0932_M.jpg;5857.744141;14206.855469;8995.130539;0.833220;17259.433064
GE9032_6S.jpg;6981.890137;12446.927734;8135.118396;0.689439;17210.104469
GE0039_S.jpg;5710.663086;11430.156250;10071.931133;0.844338;17166.987672
AC0301_1L_sia.jpg;7495.596680;17247.279297;7148.654041;0.611006;17134.270570
AC0404_L.jpg;8739.530273;14731.306641;6899.364097;0.503233;17053.709760
AC0532_L.jpg;8122.847656;13373.709961;7394.010898;0.554713;16998.399437
AC0303_1L_sia.jpg;7466.347656;17213.650391;7078.125269;0.604684;16961.439463
z_242.jpg;6435.000000;13049.502930;8579.041606;0.732975;16958.497972
AC0703_1_S.jpg;7436.114746;11819.188477;8062.049678;0.619636;16937.069706
AC0271.jpg;7772.304199;14151.181641;7281.457150;0.580227;16869.185062
GE9043_1M.jpg;4977.950195;13685.013672;9655.219870;0.963118;16825.515046
AC0536_2M_sia.jpg;5251.272949;12213.838867;8404.701007;0.950352;16769.779373
AC0233_M.jpg;6351.193359;14558.625000;8636.901180;0.717390;16766.934630
GE1202_M.jpg;6110.397461;11399.928711;8484.345917;0.782782;16730.927611
AC0404_L_sia.jpg;7907.883789;13348.272461;6983.417526;0.562964;16636.674069
weather03.jpg;7922.636230;13936.216797;6975.961697;0.556011;16606.668648
AC0849_S.jpg;5876.175781;12405.784180;8768.393947;0.793908;16577.891843
AC0251.jpg;7468.198730;13910.636719;7435.540821;0.592281;16574.151728
SE0072.jpg;7378.175781;15426.099609;7606.374686;0.586096;16542.568735
AC0734_1_S.jpg;4888.063965;14099.973633;10046.548803;0.929238;16454.668028
AC0213_M.jpg;6080.688965;13722.543945;7793.339470;0.763036;16419.832383
AC0920_L.jpg;9023.966797;11014.814453;6634.569236;0.469912;16416.502049
AC0304_2M_sia.jpg;7549.595703;14827.019531;6821.127331;0.575658;16336.861207
AC0723_M.jpg;5500.847168;12698.833984;8713.502381;0.835692;16264.064286
AC0734_1_L.jpg;4638.112793;14758.344727;10457.830654;0.945249;16223.474528
AC0204_L.jpg;7242.609375;13850.659180;7296.664777;0.597763;16218.926527
AC0504_1L_sia.jpg;5130.385254;15278.028320;9312.329824;0.858228;16158.392672
GE9034_2S.jpg;6671.259766;11292.404297;6451.432645;0.705541;16136.566408
AC0846_S.jpg;5217.279785;12120.835938;8538.660631;0.891392;16110.534324
AC0533_2S_sia.jpg;4734.430176;13052.649414;10676.264754;0.913865;16062.430515
AC0153_M.jpg;6274.774414;14659.575195;7772.984562;0.693903;16032.059312
AC0914_M.jpg;4647.295898;12877.529297;9935.094119;0.957170;15985.192745
z_204.jpg;6173.306152;8115.764648;8083.470109;0.748889;15973.683946
AC0150_L.jpg;6549.598633;11495.240234;7267.693422;0.687417;15972.620991
GE0108_L.jpg;4905.133789;15435.064453;9946.198138;0.864999;15963.118446
AC0234_S.jpg;5579.830078;12677.606445;8247.753762;0.808003;15961.429627
AC0232_M.jpg;8796.923828;11323.608398;5977.084696;0.473810;15958.941775
GE9014_4S.jpg;5458.746582;10429.128906;8324.639345;0.847987;15943.803142
AC0863_S.jpg;4662.895996;13019.604492;10598.459030;0.913799;15864.773101
AC0910_L.jpg;7850.577637;13442.659180;6495.249539;0.526197;15804.796114
SE0071.jpg;6102.439941;14000.571289;8009.784081;0.695796;15746.812216
AC0261.jpg;7376.856445;13569.521484;6851.968358;0.558880;15689.117735
AC0202_L.jpg;7202.938965;13734.117188;6819.401681;0.576717;15669.789199
AC0733_S.jpg;5266.680176;11733.261719;8951.108767;0.821266;15590.242617
AR0082.jpg;6568.208008;12781.272461;7687.501728;0.633776;15578.404237
AC0536_1L_sia.jpg;4896.996094;14836.841797;9114.029187;0.860942;15554.149586
AC0839_M.jpg;5456.862793;12633.686523;7107.774760;0.830885;15547.569680
AC0533_2M_sia.jpg;5057.464355;13173.143555;7956.289653;0.880908;15541.068866
GE9011_7S.jpg;6797.203125;9294.327148;6762.824431;0.650142;15533.315891
AC0934_L.jpg;5879.560059;13513.416016;7331.186955;0.737353;15527.661151
GE9033_7M.jpg;5622.277344;11829.318359;7922.434960;0.777383;15508.248751
AC0835_L.jpg;7285.819336;13064.341797;6151.782741;0.574000;15466.592763
SE0121.jpg;6352.342285;14147.004883;7340.754862;0.653188;15458.688699
AC0401_S_sia.jpg;6503.024902;8188.496582;6117.596623;0.709486;15439.130789
GE0041_M.jpg;4996.603516;10543.451172;8498.933833;0.887998;15401.217374
AC0252.jpg;7285.255859;13766.033203;6682.649156;0.548691;15352.874240
GE9013_5M.jpg;6626.902344;10820.097656;7236.590069;0.633728;15327.568930
GE9042_6M.jpg;4760.085449;12449.003906;8446.363026;0.916763;15308.908602
AC0536_2S_sia.jpg;4905.221191;12439.459961;8140.971225;0.889408;15271.386416
GE9021_5S.jpg;6066.776855;9065.733398;8644.301772;0.681444;15233.807645
GE0040_M.jpg;5023.527832;10556.656250;8288.410841;0.863076;15139.743984
GE0021.jpg;4994.788574;9830.888672;8652.357115;0.862069;15120.509127
GE9032_1M.jpg;5537.033203;11993.791016;8083.639868;0.750159;15104.482274
AC0534_1M_sia.jpg;4790.919434;11549.543945;7926.883421;0.912620;15069.401067
AC0532_1L_sia.jpg;6659.776367;15273.918945;6901.081661;0.583228;15040.991296
AC0912_M.jpg;5933.965820;11637.060547;7194.473966;0.699376;14948.906430
NAV0013.jpg;4600.786621;11435.671875;8805.692891;0.914949;14944.923297
AC5010_L_PKW.jpg;5489.251953;10009.908203;7299.675167;0.786385;14933.831079
BW.jpg;5489.251953;10009.908203;7299.675167;0.786385;14933.831079
AC0302_1S_sia.jpg;10369.479492;9140.958008;3418.976631;0.367158;14909.957454
AC0022.jpg;6032.573242;15646.557617;6322.706867;0.670779;14886.933557
z_202.jpg;6233.620117;7382.473633;7275.207166;0.678545;14860.963289
AC0224_L.jpg;7086.017090;12196.781250;6314.308005;0.555422;14844.156897
AC0932_L.jpg;5653.378906;13066.987305;7327.760976;0.717685;14812.798202
AC0030_S.jpg;4223.241211;13888.156250;9521.233953;0.944398;14809.708040
AC0864_L.jpg;4655.224121;13306.292969;9114.315477;0.851041;14771.825314
AR0140_1.jpg;8536.311523;8992.744141;4784.445316;0.459557;14687.837538
AC0837_S.jpg;5684.600098;11537.429688;7366.060444;0.710539;14652.420312
AC0837_L.jpg;5889.501465;13298.699219;6995.037635;0.669279;14606.318669
SE0102.jpg;6544.796875;13536.108398;6311.337018;0.591532;14577.895983
AC0820_S.jpg;5785.013184;9320.757812;6385.154704;0.729211;14496.372968
btn_sett.jpg;4330.593262;15140.400391;8797.239403;0.892728;14490.454139
AR0030_2.jpg;8298.794922;10271.368164;4979.549664;0.454867;14469.079089
AC0401_M.jpg;6955.970215;10482.723633;6108.361570;0.556185;14401.797592
GE0284.jpg;5097.067871;10979.094727;7558.700628;0.791809;14363.797905
AC0535_1M_sia.jpg;4482.861328;13443.881836;7885.232967;0.887827;14305.665216
AR0083.jpg;5682.303711;13057.514648;7029.874327;0.675442;14283.493752
SE0010.jpg;6004.772461;12978.762695;7112.405372;0.621157;14249.413801
AC0931_L.jpg;5451.861328;12960.839844;6588.734935;0.723613;14218.146535
AC0150_2.jpg;7988.364258;9553.221680;4941.103911;0.471583;14213.243055
AC0422_2_L.jpg;7620.877441;11243.023438;4651.341554;0.501474;14206.046800
AC0553_1_L.jpg;5157.421875;11944.900391;6906.443343;0.767550;14107.618021
AC0512_1_L.jpg;5630.589844;12040.075195;6602.621856;0.688798;14086.896751
GE0365.jpg;4646.467773;11156.545898;7841.667310;0.848941;14072.629301
SE0014.jpg;5204.128906;12827.199219;7493.863807;0.721612;14018.356025
GE9005_7M.jpg;5506.152344;10491.844727;7585.206532;0.685370;14004.582716
AC0412_1_L.jpg;6148.854492;13486.449219;6289.706697;0.599919;14002.098403
AC0212_L.jpg;5957.567871;12465.070312;6303.706518;0.635145;13999.423777
GE9006_7M.jpg;5520.674805;10819.111328;6089.555646;0.726308;13993.012727
AC0711_M.jpg;4627.778809;11841.917969;7696.178074;0.842296;13987.663926
z_212.jpg;5880.394531;6734.768555;6709.206310;0.681511;13977.008970
AC0214_L.jpg;5873.214844;12509.864258;6194.863492;0.647599;13962.767859
AC0537_2L_sia.jpg;4543.231445;11514.488281;7639.325452;0.863734;13945.118882
AC0203_M.jpg;5708.726562;12014.907227;6218.568877;0.670893;13892.247971
GE1203_S.jpg;4817.093262;10583.526367;7432.532968;0.811796;13889.281246
AC0244_L.jpg;5783.079590;12156.987305;6433.507903;0.650870;13887.036097
GE0041_L.jpg;4737.835938;9598.795898;7208.677330;0.847445;13881.941595
AC0231_S.jpg;4825.560059;11795.880859;6999.421421;0.809061;13850.505708
GE9031_7M.jpg;4662.859863;10617.859375;6936.666156;0.858911;13831.016289
AC0933_L.jpg;5130.973145;11928.824219;7074.579780;0.736580;13793.218306
AC0421_2_S.jpg;7177.242676;7332.493164;5510.085153;0.524087;13773.405642
AC5010_M.jpg;7942.796387;7386.947754;4670.919304;0.464841;13729.182431
GE9031_5M.jpg;4712.926270;10658.548828;7345.793202;0.819796;13720.624420
AC0723_S.jpg;4758.576172;10909.564453;7620.096720;0.796689;13719.486657
AC0404_M_sia.jpg;6344.316895;10074.082031;6068.149612;0.582530;13694.925947
AC0404_S.jpg;7190.597656;8921.845703;4822.829834;0.521493;13675.169003
GE0013.jpg;8705.598633;7848.684082;3704.679223;0.414390;13649.333419
AR0041.jpg;4892.533691;12596.103516;7081.033737;0.754941;13571.383364
AC0254_1.jpg;4799.248535;12070.967773;6694.545388;0.792802;13559.522388
AC5010_S.jpg;7771.408203;7179.608398;4625.073336;0.470118;13529.393814
AC0303_1M_sia.jpg;5008.053711;13189.916016;6057.321055;0.752998;13485.187225
AC0531_2S_sia.jpg;4533.365234;11677.909180;7099.848760;0.834095;13481.930992
z_205.jpg;5695.588379;6542.563477;6434.839295;0.677140;13467.661151
AC0541_L.jpg;4137.866211;12182.375977;8705.187262;0.860410;13454.512428
GE0014_S.jpg;4894.148926;11450.082031;6880.009673;0.759565;13434.935043
AC0202_L_sia.jpg;5900.386230;11960.306641;6204.346770;0.601643;13417.599025
AC0421_2_M.jpg;5345.572266;10101.047852;6016.722860;0.713417;13415.983981
GE9035_2S.jpg;5911.479980;8520.407227;5739.276375;0.642201;13409.242419
AC1000_S.jpg;7024.533203;7817.070801;4852.381900;0.526706;13392.040543
GE0104_M.jpg;4374.789551;13802.738281;7458.951112;0.812921;13291.016549
AC0201_M.jpg;5831.930664;11657.869141;5865.866136;0.612379;13277.513520
AC0882_L.jpg;4874.231934;11532.735352;6638.404123;0.751317;13238.017512
AC0402_S_sia.jpg;5789.542480;9163.976562;6948.933059;0.603474;13230.970444
AC0304_2L_sia.jpg;6186.140137;13881.462891;5384.657774;0.554606;13227.582980
AR0110.jpg;5105.134277;11650.180664;7498.210784;0.673309;13216.623848
GE9043_2M.jpg;4111.430176;11346.613281;7089.208184;0.917536;13216.368353
AC0713_M.jpg;4512.338379;10849.670898;6961.561604;0.822283;13198.525381
AC0303_2L_sia.jpg;6141.979980;13687.349609;5514.883313;0.555880;13198.347214
AC0532_S.jpg;5804.685059;9943.723633;5889.349124;0.621160;13169.267159
GE9011_5M.jpg;6076.441895;9514.130859;5506.218181;0.595033;13148.175668
AC0201_M_sia.jpg;5446.862305;10992.298828;6048.733586;0.659772;13127.092533
AC0701_S.jpg;4185.479980;10277.580078;8210.274824;0.851391;13121.054153
AC0839_S.jpg;4518.784180;10669.804688;7102.937357;0.808168;13116.272924
AC0301_1_S.jpg;5029.077637;13594.203125;6556.918364;0.690405;13113.078247
GE9044_5M.jpg;3824.005615;10615.280273;7606.700426;0.974904;13091.952215
AC0532_1S_sia.jpg;5168.786133;11197.100586;6617.382134;0.680959;13059.654212
AC0202_M.jpg;5307.136719;11557.411133;5907.755421;0.672932;13019.708940
AC0243_L.jpg;4931.901367;11526.258789;6279.650874;0.729146;13008.602875
AC0413_1_L.jpg;5664.932617;13760.999023;5478.746670;0.605847;12990.287687
GE1204_M.jpg;4754.472656;8841.290039;6853.912146;0.770802;12989.749824
AC0403_1_M.jpg;4297.878906;12965.421875;6278.602874;0.851012;12958.081565
AC0303_1_S.jpg;5027.165527;13816.319336;5914.431641;0.694156;12944.540636
AC0212_M.jpg;5211.025879;11558.488281;5927.879606;0.680821;12931.671358
GE9043_6S.jpg;4244.772461;9235.079102;6478.540591;0.894312;12905.683278
AC0839_L.jpg;4039.994629;11982.949219;7258.378426;0.878877;12860.041953
AC0304_1_S.jpg;4971.263672;13662.390625;5882.790080;0.694640;12817.323568
AC0930_S.jpg;3934.586670;10478.257812;7361.945896;0.915806;12798.440186
AC5000_S_HZ.jpg;10608.964844;7961.104492;1463.978796;0.290232;12771.104708
AC0713_L.jpg;4416.493164;11550.912109;6730.226082;0.794396;12735.807319
GE9032_7M.jpg;4342.419434;9985.793945;6421.231627;0.840457;12716.450279
AC0721_S.jpg;4655.903809;9890.428711;6232.325221;0.773689;12702.756306
AC0422_2_M.jpg;5249.666504;9863.042969;5235.073562;0.690998;12698.428626
AC0910_S.jpg;4852.879883;9364.781250;5933.721035;0.740234;12624.253589
AC0411_2_S.jpg;6727.479980;6671.032715;4553.863830;0.518484;12600.875582
AC0834_S.jpg;3926.959961;11091.150391;7629.696758;0.871082;12584.396817
AC0911_L.jpg;5659.368164;11345.904297;5643.138365;0.585651;12568.206909
AC0538_2S_sia.jpg;4441.607422;9698.963867;6293.400686;0.803908;12534.680212
AC0713_S.jpg;4010.280029;10785.429688;7178.248933;0.864536;12530.134161
AC0913_S.jpg;4027.664062;10162.811523;6791.933418;0.877984;12479.737990
AC0721_1_L.jpg;3473.224854;12949.695312;8442.517527;0.932785;12466.009693
AC0554_1_M.jpg;5097.756836;9646.432617;5818.202351;0.676548;12447.646065
AC0401_1_L.jpg;4635.008789;13584.835938;5699.700204;0.730950;12446.806867
AC0224_M_sia.jpg;5640.659180;8869.441406;5347.949114;0.603274;12384.783232
AC0535_2S_sia.jpg;4191.307617;9488.903320;6439.744088;0.840317;12342.512268
GE9005_3M.jpg;5906.250000;9092.670898;5408.943954;0.549989;12252.262474
GE9011_4M.jpg;5743.853516;9100.759766;5633.319452;0.559050;12175.864746
AC0712_M.jpg;4151.128418;10715.068359;6713.388997;0.804130;12172.848376
AC0504_1M_sia.jpg;3595.882812;10133.208008;6726.974772;0.973002;12163.307889
AC0232_S.jpg;6133.046875;8440.843750;5074.721703;0.526260;12141.920628
AC0150_S.jpg;4747.325684;8645.648438;5776.836921;0.724473;12138.739728
AC0870_S.jpg;4968.879883;7706.695312;5707.905215;0.690688;12116.769469
AC0812_S.jpg;5018.855957;10402.559570;5683.016640;0.654489;12108.307703
AC0401_M_sia.jpg;6058.883301;7739.451172;4921.507850;0.543156;12107.747813
AC0241_L.jpg;4854.282227;11515.430664;5893.975322;0.664719;12095.042101
GE0107_L.jpg;3774.826904;13567.183594;6906.728748;0.845359;12043.652833
AC0522_S.jpg;3672.459961;10234.870117;6943.681072;0.917389;12028.155296
AC0933_S.jpg;3878.471924;10268.059570;6665.154124;0.867001;12024.125730
AC0732_1_M.jpg;3317.628662;11544.650391;8658.289283;0.929698;12012.463645
AC0732_1_S.jpg;3659.341309;10832.184570;7399.801063;0.889067;12009.619439
AC0251_2.jpg;5164.980469;9311.121094;5637.128146;0.627849;11972.252022
AC5020_L.jpg;6470.250488;6488.810547;4326.955286;0.506779;11956.412932
NAV0014.jpg;5448.654785;9775.348633;5576.326182;0.577148;11942.940830
GE9001_7M.jpg;5232.511719;9664.798828;5664.564283;0.609420;11942.930805
GE0034_S.jpg;5215.950195;6498.232910;5793.211343;0.636415;11924.435698
z_271.jpg;5006.494141;7395.174316;4919.200404;0.686830;11841.707609
GE0027.jpg;3797.856934;9531.346680;6827.960950;0.864337;11807.105483
AC0404_S_sia.jpg;5513.504883;7764.726562;4952.470692;0.591704;11791.319701
GE1201_S.jpg;6173.382324;5671.319336;4693.038729;0.525917;11789.755647
AC0222_L.jpg;5563.119629;10276.510742;5047.049244;0.558051;11784.683639
AC5030_L.jpg;5492.958496;7484.493652;5648.832347;0.574511;11783.552612
AC0812_L.jpg;4269.952148;11158.743164;5592.432890;0.769248;11777.503464
AC0403_S.jpg;5837.167480;7621.541504;4385.626664;0.561411;11769.807201
GE9001_1S.jpg;4535.229980;5496.772461;5151.574164;0.786144;11751.033163
GE0011_L.jpg;4020.304199;9069.440430;6069.833049;0.828526;11703.388925
AC0861_S.jpg;3756.535889;10483.048828;6812.974640;0.849681;11694.825762
GE0012_M.jpg;5395.835449;9780.855469;5023.478215;0.573156;11619.533303
z_275.jpg;4188.554688;8106.331055;6085.876476;0.781326;11580.222326
z_299.jpg;4359.236816;7486.159180;5336.762062;0.775686;11558.898000
GE9044_3M.jpg;3380.187500;9351.762695;6659.557373;0.976197;11555.570100
AC0222_L_sia.jpg;5360.688965;9473.792969;5319.221234;0.563773;11533.878830
GE0011_M.jpg;3991.929199;8977.494141;6043.811165;0.815488;11519.786308
GE0045_L.jpg;4525.251465;7020.154297;5578.947478;0.728251;11508.309567
GE9041_1S.jpg;3702.222412;8109.300293;5768.122251;0.918331;11480.613862
AC0721_1_M.jpg;3113.617188;12184.603516;7842.145123;0.953608;11458.362681
AC0702_L.jpg;3767.775879;9466.274414;5940.509402;0.865664;11432.946795
AC0711_S.jpg;3918.872070;9040.624023;6817.890985;0.776711;11337.424391
AC110_1_M.jpg;5392.967285;8145.321289;4628.025368;0.574323;11325.436945
AC0553_2_S.jpg;4480.457520;8524.544922;5099.162539;0.718235;11313.432669
GE0360.jpg;5469.789551;9223.292969;5186.380882;0.528437;11253.339851
AC0243_S.jpg;4470.111816;7946.077148;4710.173027;0.733910;11239.539913
GE9005_4M.jpg;4140.142578;8418.024414;5367.521157;0.777124;11225.316257
GE0107_S.jpg;3385.678467;12754.688477;6489.669631;0.878357;11187.362531
GE0111_L.jpg;3609.331787;12240.550781;6495.783608;0.814245;11180.006645
AC0403_1_S.jpg;3662.100098;10189.680664;5592.890541;0.869743;11177.699974
AC0702_S.jpg;3888.879883;9313.476562;6334.992913;0.773582;11109.770936
AC0703_L.jpg;3728.362549;10379.313477;5474.043982;0.843390;11106.952261
SE0112.jpg;4589.853027;10689.502930;5424.460730;0.632907;11072.334097
b_settings.jpg;3912.939697;9160.630859;5646.659692;0.794795;11068.832199
AC0553_2_L.jpg;3869.575195;9458.940430;5514.240184;0.806586;11052.954266
AC0930_M.jpg;3878.534912;9737.557617;5260.783106;0.811437;11048.672162
AC0703_S.jpg;3525.968018;9388.749023;6322.657266;0.868444;11038.996985
GE1002_L.jpg;3205.813232;9835.431641;6488.642848;0.960403;11015.221250
AC0224_S_sia.jpg;5085.966797;8555.747070;4434.127437;0.595019;11002.992864
z_234.jpg;3847.610352;7811.794434;6435.391153;0.785284;11000.307888
AR0030.jpg;4872.019531;10173.267578;5135.879800;0.581930;10921.239635
AC0301_2M_sia.jpg;4203.949707;11088.740234;4943.210683;0.706405;10880.357595
SE0013.jpg;3220.740479;11090.022461;5875.196355;0.939962;10830.441386
GE0033_S.jpg;4935.145508;6294.757324;4864.939630;0.610313;10823.746844
AC0303_2_S.jpg;3901.091797;11244.288086;5701.004955;0.737362;10823.356326
AC0020_S.jpg;3846.234619;13048.192383;6878.040954;0.673625;10817.086763
AC0304_1_L.jpg;4031.300049;12754.378906;4970.399830;0.717059;10812.091051
AC0553_2_M.jpg;3805.248779;9199.022461;5309.349605;0.802702;10789.764377
GE0111_S.jpg;3347.059082;11724.091797;6267.857070;0.855247;10764.815611
GE0013_S.jpg;3897.870117;8679.179688;6228.354268;0.738616;10754.833194
AC0242_S.jpg;3431.916016;8439.161133;6198.906949;0.876534;10745.871581
GE0285.jpg;6444.557617;4188.212891;3506.371340;0.455506;10739.395173
AC0552_2_M.jpg;3628.598389;9114.811523;5887.003657;0.819160;10731.033940
GE0012_L.jpg;5180.095703;9269.717773;4482.217758;0.543274;10714.222176
AC0504_2S_sia.jpg;3730.686279;7765.610840;5144.142790;0.832643;10655.011749
SE0024.jpg;3980.125000;10605.872070;5091.019189;0.729807;10641.956423
GE9006_7S.jpg;4453.229980;4615.348145;4797.592649;0.704215;10639.367204
AC0301_M_sia.jpg;5569.609863;10524.333984;4042.696899;0.476477;10559.758781
AC0704_S.jpg;3298.615967;8858.453125;6868.487364;0.842070;10494.451817
b_trend_his.jpg;3731.316406;8686.020508;6069.833641;0.754831;10491.725465
GE0205_L.jpg;3722.814697;8082.244141;6165.085282;0.757306;10466.030392
AC0202_S_sia.jpg;4020.330078;8394.589844;4640.384015;0.742285;10442.222545
AC5030_S.jpg;4801.227539;6965.904785;4931.415960;0.583629;10427.472923
AR0043.jpg;5243.197266;8252.979492;4375.693629;0.518246;10412.924526
GE0023_S.jpg;3330.854492;9490.303711;6999.884406;0.800355;10396.152507
AC0512_S.jpg;3966.688721;9452.354492;4742.254497;0.727670;10361.248841
AC0512_1_S.jpg;5789.189941;6470.130371;3308.664249;0.487095;10339.410438
GE0032_S.jpg;3269.802002;8322.847656;6295.141827;0.863108;10314.867810
SE0023.jpg;3605.643066;10757.555664;4821.710710;0.797051;10313.941985
GE0035_M.jpg;3141.474121;8371.384766;6652.210364;0.877611;10250.132418
AC0303_2_L.jpg;3916.524170;11313.294922;4974.466348;0.691651;10248.391823
AC0301_S_sia.jpg;5286.303711;10052.432617;4045.610128;0.489049;10234.881124
AC0110_L.jpg;3925.156494;8311.423828;4986.311518;0.722679;10212.189562
GE0032_M.jpg;3162.940918;8185.739746;6463.949731;0.874548;10194.712543
AC0542_1_L.jpg;5529.138184;6642.256348;3779.150562;0.490953;10180.594981
AC0302_S_sia.jpg;5349.333008;9826.880859;3964.933340;0.479608;10176.252396
AC0552_2_S.jpg;3986.463867;7737.483887;5694.319728;0.676004;10149.722385
AC0160.jpg;3839.250244;11693.444336;5159.741323;0.682384;10134.563484
AC0304_S_sia.jpg;5331.076172;9761.540039;3923.652633;0.477862;10110.011687
AC0701_M.jpg;2815.285645;9157.637695;6937.368974;0.950714;10104.548457
GE0350.jpg;3107.675781;8737.037109;6504.377660;0.868450;10101.796888
btn_hwater.jpg;3228.312500;9768.433594;5780.771418;0.846058;10076.948631
GE9001_6S.jpg;3661.479980;5683.008301;4507.318958;0.832459;10072.665756
AC0722_1_S.jpg;2729.645264;10706.689453;7257.620038;0.928056;10042.186461
AC0203_S.jpg;3527.310059;8217.801758;5094.441200;0.802138;10027.269719
AC0201_S.jpg;3821.795898;8484.873047;4570.140389;0.737535;9996.354240
GE9044_7M.jpg;2904.129883;8341.949219;5701.022440;0.982591;9988.762487
z_207.jpg;5230.583496;3984.979492;3960.059588;0.533891;9984.938178
AC0722_1_L.jpg;2764.055908;11066.595703;6709.419266;0.930578;9981.321875
AC0304_2_S.jpg;3753.633789;10954.075195;4639.216302;0.716201;9972.665176
AC0503_M_sia.jpg;3264.320068;9646.621094;4716.639855;0.873765;9952.142879
GE9031_1S.jpg;3334.682617;7426.663086;4793.695664;0.878465;9946.606305
AC0203_S_sia.jpg;3514.793945;8324.484375;4706.765154;0.806215;9904.573126
AC0244_S.jpg;3429.791992;8396.787109;5150.548099;0.808067;9900.270529
AC0301_2_S.jpg;3727.408203;10881.763672;4604.578313;0.712982;9878.630490
AC0503_L_sia.jpg;3153.564453;10163.037109;5018.609229;0.872576;9853.048679
AC0511_1_S.jpg;6320.341309;5234.238770;2506.582366;0.416227;9822.293408
L60x_TSP.jpg;2746.850830;13660.262695;5656.404408;0.912148;9730.262882
AC0901_S.jpg;3576.182617;11757.400391;4828.299488;0.707764;9715.923834
AC0733_1_M.jpg;3555.331543;8642.017578;5928.504615;0.702951;9715.292877
GE9033_1S.jpg;3531.669922;7385.808105;5546.080942;0.744743;9705.918985
AC0536_2L_sia.jpg;3213.666992;8660.253906;5091.550861;0.847659;9703.086887
AC0303_S_sia.jpg;5111.617676;9522.133789;3790.017367;0.475139;9691.985962
AC0241_S.jpg;3919.956055;7257.922363;4395.821430;0.696433;9684.283840
AC0403_M.jpg;5967.066895;5814.206055;2830.742728;0.421615;9587.327533
GE9031_7S.jpg;3901.205078;6502.754883;4033.381838;0.704950;9512.871781
GE9021_4M.jpg;3860.441650;6685.895996;5063.979746;0.662514;9486.398314
GE0023_1_L.jpg;3920.093018;5976.453613;4416.761192;0.681669;9447.966391
GE9032_3M.jpg;3374.316895;7707.421387;4923.224804;0.778988;9438.134298
z_270.jpg;3276.242920;5796.355469;5368.379704;0.812129;9418.155498
AC5000_S_KH.jpg;7793.441895;5557.498535;1102.169002;0.292761;9401.461407
GE9041_6S.jpg;3110.810059;5722.918457;5268.440938;0.863593;9344.596304
GE9033_3M.jpg;3331.568848;7645.342285;4864.081170;0.780664;9334.419714
GE9006_1M.jpg;4308.899902;6215.191895;4277.317587;0.582128;9289.690182
AC0242_M.jpg;3523.279053;7925.974609;4551.740881;0.728993;9284.234463
GE0032_L.jpg;3021.515869;7401.432617;5309.137727;0.852985;9263.716460
GE0305_S.jpg;3190.480713;7805.434082;4969.670854;0.802098;9233.326024
AC0901_M.jpg;3437.090576;11139.907227;4529.847450;0.687304;9142.636422
AC0412_2_S.jpg;4751.865234;4698.121582;3447.956317;0.535047;9137.474737
AC0150_M.jpg;5122.828613;5791.172852;3317.351246;0.469970;9116.751918
AC0733_1_L.jpg;2707.703125;8566.266602;5580.916345;0.911736;9101.221191
GE0002_M.jpg;2775.494629;7817.653809;5854.198669;0.875587;9078.858733
z_256.jpg;3626.691650;5877.894043;4284.694629;0.712326;9067.552673
SE0094.jpg;3432.932617;9463.461914;4302.207769;0.711232;9051.809471
AC0151_M.jpg;4892.425293;4589.473145;3547.887092;0.501249;9051.571301
GE0364.jpg;3389.036621;7279.886230;4571.176143;0.741283;9046.890760
GE9024_4M.jpg;2584.148438;7049.571289;5860.166542;0.959515;9007.148171
GE9033_2S.jpg;3250.172607;7008.215820;5084.452477;0.746970;8961.026413
AC5050_S.jpg;3781.008789;9794.889648;4010.234170;0.609154;8880.011465
GE1200_L.jpg;3298.956787;5192.458008;4209.166845;0.793618;8878.156570
AC0704_L.jpg;3206.976074;8321.258789;4151.899802;0.771963;8840.112295
GE0344.jpg;3285.558838;6816.317383;5391.829736;0.699983;8811.222248
AC0151_L.jpg;4563.439453;4922.208496;3357.291615;0.530653;8792.202029
AR0023.jpg;4450.503418;7124.109863;3334.467079;0.525329;8780.680636
GE9041_5S.jpg;2827.822510;6293.012695;4432.613617;0.915211;8770.737308
GE9005_7S.jpg;3492.500000;3948.648682;3856.026880;0.755201;8765.804276
AC0301_1_M.jpg;3576.924072;10671.117188;3926.306334;0.633560;8762.173630
GE9032_1S.jpg;4853.272461;5648.880371;2845.236118;0.491076;8754.011871
z_230.jpg;3053.801514;6681.956543;4399.403684;0.817051;8725.108359
AC5050_L.jpg;3621.600586;10974.871094;3929.361128;0.612619;8720.887067
AC0241_M.jpg;3713.618408;6733.848145;3977.342190;0.644840;8711.643882
GE0004_M.jpg;2834.804199;7686.378418;4772.257433;0.846077;8653.253987
AC0150.jpg;4280.071777;8713.172852;3377.653003;0.512482;8580.450375
AC0501_1_L.jpg;4980.256836;6811.145508;3120.347298;0.430876;8555.111364
btn_sanitary.jpg;2669.182861;12128.317383;4598.684273;0.823080;8550.866441
SE0022.jpg;3177.822998;8429.158203;4119.693588;0.734074;8539.234084
AC0536_L_sia.jpg;2693.317139;9317.252930;4213.252718;0.884661;8518.367852
AC0221_S_sia.jpg;3035.588379;7373.911133;4268.471287;0.784479;8511.860325
GE0002_L.jpg;2715.480225;7579.563965;4915.154762;0.860849;8511.236221
AC0213_S.jpg;2908.656006;7407.899902;4665.035891;0.803823;8503.968564
AC0221_S.jpg;3340.788330;7860.259766;3946.989114;0.696943;8494.546327
SE0093.jpg;2928.951904;8479.260742;4197.460468;0.803324;8487.308032
GE0004_S.jpg;2672.115479;7817.515625;5037.722316;0.859002;8471.718304
AC0537_L_sia.jpg;2637.073242;9349.442383;4145.360230;0.892217;8410.040899
AC0538_L_sia.jpg;2640.528809;9478.404297;4148.245995;0.883545;8386.044786
SE0021.jpg;3222.273926;8565.724609;4009.653042;0.698477;8372.454254
AC0201_S_sia.jpg;3900.708008;6501.945312;3388.203221;0.585412;8353.463672
AC0512_L.jpg;3388.545654;7626.461914;3677.920834;0.672853;8304.180100
AR0110_2.jpg;3475.526611;8133.135254;3910.284644;0.630415;8301.727768
GE9001_5M.jpg;3999.949951;6456.385254;3904.655527;0.533582;8280.842883
AC0303_1_L.jpg;3305.531250;10838.333984;3585.896342;0.643735;8247.437431
AC0412_2.jpg;3125.340088;9616.367188;4024.170220;0.690111;8246.428961
AC0534_M_sia.jpg;2628.431641;8476.157227;4049.717741;0.883817;8225.336040
GE9043_2S.jpg;2544.112549;5355.717285;5136.611344;0.897170;8170.447061
AC100_1_M.jpg;3503.870117;6239.749512;3715.763326;0.635997;8133.329545
AC0222_S_sia.jpg;3893.601562;5921.282227;3236.141063;0.569341;8105.151591
AC0541_1_S.jpg;4993.314941;4238.053223;2565.133419;0.428989;8102.414439
AC0533_L_sia.jpg;2564.678955;8814.311523;3997.583449;0.880634;8080.012773
AC0501_L.jpg;2549.465332;10258.250000;5209.476299;0.768140;8040.565651
AC0714_1_L.jpg;2483.821289;8905.168945;4452.582156;0.874910;8037.069438
GE0014.jpg;4164.327148;6729.710449;2947.396288;0.506104;8001.887937
AC0253_1.jpg;3327.906250;7307.182617;3516.033111;0.655299;7986.829154
AC0552_L.jpg;3379.093018;6334.794922;3531.782774;0.651509;7962.167332
AC0501_L_sia.jpg;2474.280029;7909.323242;4165.782768;0.903533;7957.283236
GE9001_5S.jpg;3221.500000;3691.081787;3417.374511;0.741208;7951.539257
GE9041_3S.jpg;3241.729980;6154.178223;3802.296596;0.675857;7948.981595
AC0532_2M_sia.jpg;2271.122314;7770.555176;4353.267464;0.980850;7891.522690
GE9041_2S.jpg;2387.967529;5302.534668;5137.559228;0.912159;7878.793015
z_298.jpg;3269.996338;4330.763184;3543.367883;0.696105;7860.772179
AC0538_2L_sia.jpg;2309.800049;7728.977051;4411.186932;0.927786;7757.713246
AR0021.jpg;2941.690918;7560.573730;3668.570474;0.715444;7720.129911
AC0812_M.jpg;1867.842896;9175.458008;6125.264949;0.993745;7707.630057
AC0711_1_S.jpg;2051.538574;7985.890625;5806.362236;0.938009;7705.310292
AC0532_1_L.jpg;3462.303711;6429.739258;3714.461892;0.577011;7669.761773
AC0535_M_sia.jpg;2487.108398;7821.187012;3743.510333;0.858730;7607.411629
AC0502_2L_sia.jpg;2341.676025;7776.663574;4147.781510;0.895971;7596.373681
AC0554_M.jpg;2693.459961;6091.077148;3922.377105;0.786007;7562.824065
AC0541_2_L.jpg;4030.011230;5014.214355;2923.968054;0.498145;7554.878350
AC0552_M.jpg;2697.370605;6144.342773;4114.141449;0.769014;7551.698053
AC0402_1.jpg;3016.907715;8487.337891;3413.267707;0.662766;7550.841816
AC0572_M.jpg;2578.068359;7164.053711;3574.089626;0.825960;7515.134296
GE9013_4S.jpg;2245.469971;5546.979492;4604.629671;0.931122;7470.666598
GE0110_M.jpg;2466.952881;11257.186523;3647.013453;0.768978;7429.713267
AC0711_1_L.jpg;1962.774170;8903.612305;5636.953872;0.903179;7390.155854
AR0061.jpg;2879.836426;7487.532715;3400.284673;0.695324;7383.607570
GE9901_W.jpg;2203.403320;4486.021484;4187.528599;0.981911;7343.031354
GE0363.jpg;2491.230469;6703.387207;4269.936638;0.787304;7333.142254
GE9031_3S.jpg;2503.982422;5326.687988;3372.655258;0.871969;7331.879214
GE9034_3S.jpg;2495.557617;5316.378906;3363.772145;0.873061;7314.287155
GE9005_6M.jpg;2333.300049;5469.402832;3143.327779;0.946492;7230.655123
AC0900_L.jpg;2648.142090;9518.000000;3325.898188;0.711185;7206.572681
GE0302_L.jpg;2579.881348;6244.710449;3685.894676;0.771348;7184.447792
GE9034_4M.jpg;2435.459961;5342.821289;3800.457679;0.835291;7150.807232
GE9042_3S.jpg;2316.777588;6214.078613;4943.914401;0.781375;7130.711833
GE9031_4M.jpg;2414.681885;5322.210938;3787.091177;0.836494;7104.776464
z_248.jpg;2880.857178;4507.787109;3392.656116;0.692973;7071.351274
AC0541_2_M.jpg;3928.251221;4431.529785;2424.961336;0.481909;7042.132940
GE9032_3S.jpg;2441.155029;5213.315430;3861.542489;0.808092;7038.803976
GE0103_M.jpg;2284.066895;8698.583008;3847.523219;0.799385;7010.222363
GE0023_1_M.jpg;2770.625488;4004.759033;3319.731503;0.727954;6981.470131
AC0531_1_M.jpg;4831.980469;4035.454834;1707.984943;0.366607;6960.209273
AC0711_1_M.jpg;1859.969971;8553.110352;4767.692932;0.936285;6936.914206
GE0102_M.jpg;2380.750732;6336.292480;3865.631514;0.785584;6917.534244
AC0534_S_sia.jpg;2266.215088;6815.911621;3254.677663;0.865094;6874.813540
z_203.jpg;2390.463135;3768.759521;3755.014122;0.831276;6860.631903
AC0572_L.jpg;2400.400391;6911.513184;3184.470390;0.802846;6860.220651
GE9033_7S.jpg;2837.547607;4926.235352;3323.327165;0.667031;6860.026990
AC0542_2_M.jpg;4025.924561;4075.927979;2193.867642;0.455922;6859.422192
AC0501_2_L.jpg;3867.831787;5554.493652;2602.973794;0.435486;6769.181635
AC0536_S_sia.jpg;2177.864990;6859.844238;3293.485549;0.878796;6755.434344
AC0537_S_sia.jpg;2179.241211;6831.422852;3174.694386;0.874841;6696.883357
AC0531_L_sia.jpg;2086.536621;7155.869629;3392.728961;0.895813;6684.604890
AC0160_L.jpg;2296.742188;7860.815918;3281.970128;0.778703;6660.102323
z_273.jpg;2236.862305;4550.315918;3433.352439;0.863342;6637.492298
GE9034_4S.jpg;2390.844971;3793.914551;2784.372849;0.853781;6631.859388
GE0102_L.jpg;2465.933350;6104.243164;3330.597764;0.720459;6562.306282
GE0306_S.jpg;2201.738037;5796.994629;3668.438383;0.813957;6548.762776
GE9043_3S.jpg;2049.282471;5181.043945;3468.237692;0.916768;6514.063768
AC0531_1_S.jpg;4837.790039;2572.601562;1405.371768;0.345713;6513.010322
AC0501_1_S.jpg;4657.495117;2888.874512;1525.618061;0.360672;6511.258916
AC0531_M.jpg;1969.008301;8153.887695;3906.294073;0.847572;6504.849124
GE0108_M.jpg;2485.199463;7269.448730;3201.175502;0.684432;6491.853791
AC0522_L.jpg;2291.965576;5548.380859;3080.556481;0.806645;6476.620564
WT_L.jpg;2767.024414;6644.897461;2809.723578;0.616972;6445.758379
GE0301_L.jpg;2208.217041;6080.338867;3606.566376;0.784897;6440.885377
AC0010.jpg;2966.263672;6221.823730;2624.990965;0.572527;6420.593457
AC0561_sia_L.jpg;2617.739990;7366.089355;2761.376902;0.650247;6416.317084
AC5000_S.jpg;4834.712402;6747.701172;972.119886;0.303838;6370.310719
AC0551_1_M.jpg;4518.557129;3086.702881;1427.895488;0.360194;6322.825540
AC0723_1_S.jpg;2197.709229;5522.086914;3413.150447;0.786450;6302.444464
GE9005_2M.jpg;2745.300049;4251.873535;3110.221321;0.617164;6275.014900
AC0532_M_sia.jpg;1790.324951;6798.925293;3423.916972;0.974662;6263.349183
AC0120_L.jpg;2688.675293;5804.075684;3430.426632;0.579355;6240.789513
GE0301_M.jpg;2089.717285;6138.812988;3427.469480;0.809241;6240.526028
GE0202_S.jpg;2366.996094;6113.651367;3498.594336;0.673773;6209.005728
AC0502_2S_sia.jpg;1855.296265;6308.551758;3319.221655;0.935377;6191.033415
GE9042_1S.jpg;2364.364990;4125.967773;3780.215011;0.691206;6186.379513
AC0562_sia_M.jpg;2598.581787;6200.988770;2550.448177;0.646709;6173.100121
AC0542_2_S.jpg;3695.002441;3507.099121;2125.535678;0.435693;6161.923569
AC0202_1.jpg;2370.021240;7359.681152;2700.276098;0.668009;6032.467423
GE0035.jpg;2271.763428;5511.181152;2865.408430;0.734024;6024.949828
z_200.jpg;2441.230469;2918.211426;2870.107911;0.682925;5851.327192
AC0532_M.jpg;1924.164429;6424.317383;3220.490323;0.796837;5798.177763
GE0110_S.jpg;2102.340088;6678.215332;2714.694162;0.743519;5795.394474
GE1000_S.jpg;1753.800049;4037.565186;3531.077324;0.923773;5756.758697
GE0301_S.jpg;1912.194458;5515.650391;3384.087350;0.785447;5695.948932
AC0532_L_sia.jpg;1694.896851;6640.495117;3041.079135;0.916248;5681.766215
AC0541_S.jpg;1813.890015;5122.826660;3519.128761;0.817843;5617.877764
AC0536_M_sia.jpg;1568.653320;6297.175781;3168.490217;0.970208;5566.855789
AC0140_M.jpg;2703.004639;4932.560547;2318.888293;0.528683;5514.432009
b_info.jpg;2279.910156;6007.520996;2440.967564;0.626280;5450.771190
AC0562_sia_L.jpg;2494.887207;5930.780762;2096.396881;0.561648;5376.757485
AC0502_1_M.jpg;3044.297852;4502.278809;1652.647508;0.461141;5358.502391
AC0504_L_sia.jpg;1580.648438;6308.424316;2929.393298;0.920439;5356.234930
AC0502_M_sia.jpg;1471.731689;6182.826172;3132.223686;0.969867;5305.193463
AC0130.jpg;1921.981201;6269.706055;3359.448358;0.646021;5247.048068
AC0502_L_sia.jpg;1504.444702;6316.077148;2929.534081;0.942045;5243.675772
GE0023_L.jpg;2018.986328;4169.187012;2580.996913;0.703037;5168.604461
AC0551_2_S.jpg;3589.155029;2297.259766;1141.242794;0.382250;5167.650991
GE9044_7S.jpg;1617.814941;3995.856445;2353.679391;0.960512;5140.140790
AC0304_M.jpg;2351.169189;6363.353516;2173.005767;0.540024;5111.848656
AC0531_2_M.jpg;3519.026611;3186.657227;1168.358506;0.362767;5040.277799
AC0160_S.jpg;1912.316406;5338.388672;2272.653507;0.707482;4991.284536
AC0422_L.jpg;2666.038086;5495.485840;1789.467173;0.461709;4970.748601
AC0304_L.jpg;2276.366211;6629.604004;2085.019588;0.530029;4943.979383
AC0302_L.jpg;2196.875732;7076.039062;2075.791696;0.546725;4934.741171
GE9001_2M.jpg;2223.649902;3255.633789;2521.699444;0.576260;4882.783023
AC0301_2_M.jpg;1837.214966;6126.800293;2069.126565;0.686446;4777.779541
AC0702_1_L.jpg;1267.347534;6533.729004;3534.855295;0.883792;4764.388205
AC0303_2_M.jpg;1840.812744;6156.816895;2084.121448;0.672342;4740.840523
AC0411_L.jpg;2448.829346;5239.332520;1736.664545;0.486116;4737.012987
GE0109_L.jpg;1753.948608;5386.794434;2533.157029;0.691016;4726.272788
GE9006_2S.jpg;1927.729980;2508.993896;2428.809521;0.686497;4711.607686
AC0502_M.jpg;1617.510498;5598.746582;2613.337359;0.724905;4628.380122
AC0411_S.jpg;2419.290039;3938.600830;1611.164195;0.507522;4623.097610
AC0551_2_M.jpg;3294.235596;2137.938477;995.084066;0.363899;4606.732209
GE1102_L.jpg;2207.386475;3027.717285;1854.918980;0.569403;4569.470694
AC0814_L.jpg;1422.631958;4842.740723;2274.687559;0.876486;4485.565290
AC0204.jpg;2200.721924;5227.624512;1680.183544;0.516223;4483.315575
AC0502_S.jpg;1523.461304;4253.781738;2776.178136;0.761174;4478.008755
AC0551_2_L.jpg;3238.301758;2786.206055;971.574927;0.344153;4466.765128
GE0109_S.jpg;1604.467773;5287.133789;2693.311660;0.673290;4434.150298
GE0042_L.jpg;2463.977051;3277.336670;1495.462302;0.470031;4399.425748
AC0702_1_S.jpg;1181.015991;5182.935059;3273.691124;0.902484;4386.289379
AC0502_S_sia.jpg;1210.739990;5360.599609;2398.811269;0.970529;4331.131381
GE0206_L.jpg;1902.384033;2980.780518;1897.446166;0.624695;4290.196574
z_113.jpg;1664.117676;3273.395020;2116.042679;0.713911;4276.077184
AC0532_S_sia.jpg;1209.000000;5292.463867;2467.592135;0.936362;4261.526134
GE0012.jpg;2918.043457;2009.613647;945.981221;0.386655;4247.630528
GE9033_4S.jpg;1358.280029;3356.424561;2421.565351;0.875815;4241.535395
GE9001_3Sx.jpg;1201.531128;4033.904785;2421.956365;0.964973;4170.730987
GE0022_S.jpg;1600.755981;2566.059570;2300.032791;0.697674;4095.606599
GE9005_6S.jpg;2224.860107;1954.706543;1517.875282;0.503214;4078.317165
btn_air.jpg;1601.690918;4269.842773;2011.129497;0.670071;4078.216846
AC0304_S.jpg;2065.199951;4841.996582;1625.491494;0.476254;4052.840360
AC0100_M.jpg;1564.094971;5091.751465;1771.573037;0.661574;3980.803156
z_111.jpg;2600.461182;2636.755615;1225.464035;0.382181;3980.512092
AC0502_2_M.jpg;2181.169434;3794.922363;1310.563278;0.468184;3971.150757
GE0045_S.jpg;1543.966431;3888.466064;1867.513179;0.690927;3947.995477
AC0572_S.jpg;2461.581299;2299.799561;1407.837023;0.402170;3933.461103
GE0206_M.jpg;1700.181641;2708.938477;1751.663848;0.638573;3905.448092
GE0202_L.jpg;1952.506958;3154.140869;1482.816351;0.531971;3888.006370
GE9042_7S.jpg;1499.977539;2789.926025;2179.291411;0.685020;3846.763419
GE9033_4M.jpg;1746.396240;2787.063232;1701.834444;0.591546;3813.692737
AC0551_L.jpg;1606.944702;3909.754150;1655.026774;0.609000;3730.964655
AC0411_M.jpg;1830.671143;3611.309326;1480.437217;0.514388;3677.970673
RepAus.jpg;1673.775024;2322.974854;1387.611832;0.625405;3648.424169
AC0502_2_S.jpg;2614.748779;1344.634521;788.005754;0.368805;3646.302377
GE0202_M.jpg;1812.744141;2744.040283;1417.589179;0.542382;3643.331727
AC0532_2_M.jpg;1985.343384;3248.759521;1162.490072;0.454666;3529.756993
z_287.jpg;1605.433228;2106.140625;1776.116347;0.585545;3515.076695
GE0043_S.jpg;2164.031982;1834.448364;1085.690948;0.430133;3507.094244
GE0043_M.jpg;2283.028809;1759.241089;902.082452;0.405653;3485.402862
GE1100_S.jpg;1391.258057;2202.641357;1766.293419;0.662629;3377.871936
GE1101_S.jpg;1726.495972;2192.776123;1439.879516;0.516273;3369.171400
GE9001_6M.jpg;1476.199951;2241.677002;1507.985155;0.616177;3309.262420
b_clock.jpg;1314.379883;3788.014648;1583.446458;0.644872;3285.410314
AC0201_2.jpg;1258.668823;3909.534180;1476.383446;0.686972;3266.362068
AC0402_2.jpg;1216.183838;4240.493164;1399.545266;0.686751;3192.413120
AC0414_M.jpg;1645.353394;3075.366211;1201.545045;0.484155;3143.967475
GE1100_M.jpg;1279.520020;1998.309692;1403.034348;0.655834;3008.959693
AC0423_S.jpg;1528.410034;2130.602051;819.827213;0.459747;2669.569778
GE1101_M.jpg;1262.493286;1783.910889;1085.260026;0.572716;2635.580020
AC0421_S.jpg;1495.964966;2119.110107;912.811409;0.449870;2625.357456
GE1402_L.jpg;1157.754028;2426.487793;1054.720153;0.608967;2600.745939
GE1401_L.jpg;948.038513;2726.118896;1209.503562;0.665660;2432.099608
DLG0013.jpg;812.381592;1926.845337;1299.511330;0.834737;2409.953653
GE9000.jpg;997.446838;2474.765381;1004.949350;0.628553;2351.829349
AC0800_S.jpg;899.773315;1675.581177;1010.182216;0.739060;2300.981858
GE9006_5S.jpg;1067.069946;1262.468506;946.277451;0.599979;2271.418867
AC0814_S.jpg;816.903992;1924.513672;1325.918621;0.727655;2253.822868
GE0100_L.jpg;951.060364;2791.903564;882.408079;0.619512;2241.949774
AC0412_S.jpg;1197.494995;1745.119141;822.947654;0.483309;2218.811086
b_climate1.jpg;1246.944946;1296.246460;675.898162;0.463354;2145.214265
bg_deco_start.jpg;742.726562;1653.217163;1099.469815;0.755887;2044.333948
GE1401_S.jpg;745.458313;2033.010010;1093.972493;0.694951;1995.033835
GE1402_M.jpg;900.988586;1705.520264;649.189722;0.553763;1846.130168
GE1403_S.jpg;664.015015;1868.911499;809.685748;0.773562;1829.602025
GE1401_M.jpg;740.211426;1871.675537;898.669573;0.631639;1806.900185
AC0501_S.jpg;784.657471;1500.769775;768.806167;0.614180;1775.330335
HC0010.jpg;1219.309326;2394.283447;317.886039;0.334063;1774.995409
AC0414_S.jpg;712.679993;1466.055786;717.688428;0.666789;1704.551515
AC0412.jpg;826.863281;2537.592529;608.182796;0.490526;1691.251435
GE0201_S.jpg;901.271606;1125.698486;645.218834;0.485124;1663.489050
GE0100_S.jpg;733.492737;1553.403076;593.869550;0.610954;1626.201940
AC0203_1.jpg;695.226013;1482.472046;666.923825;0.560841;1509.105965
GE0100_M.jpg;701.311707;1498.651611;571.424574;0.532960;1448.061893
GE9901_L.jpg;411.944122;1674.109009;748.210154;0.912084;1386.711703
GE0999.jpg;618.262573;933.686157;568.063173;0.577180;1315.019074
btn_neutral.jpg;654.732727;625.359741;511.726633;0.550541;1289.921591
AC0701_1_S.jpg;425.976013;848.105652;674.826705;0.861751;1268.158608
AC0224_L_sia.jpg;448.459473;1509.861206;621.752110;0.736663;1253.556038
GE0021_M.jpg;583.314453;743.072998;525.369792;0.585607;1233.029519
DLG0002.jpg;531.337524;1201.255127;490.244950;0.572345;1165.597195
DLG0003.jpg;531.337524;1201.255127;490.244950;0.572345;1165.597195
NAV0000.jpg;531.337524;1201.255127;490.244950;0.572345;1165.597195
AC0703_1_L.jpg;375.923553;1176.665527;539.224881;0.797174;1093.709923
GE0011.jpg;396.873688;1378.317993;534.118103;0.717820;1092.977731
GE9902_S.jpg;356.530579;1250.951904;561.029404;0.808051;1075.910637
GE0021_L.jpg;524.941406;694.111389;459.661351;0.553702;1074.085331
DLG0012.jpg;496.159149;813.029663;388.609762;0.544879;1006.089843
GE9902_W.jpg;332.888153;883.335327;548.344944;0.810123;986.059225
AC0254_2.jpg;587.050964;641.850525;301.512143;0.434536;973.429150
AC0130_M.jpg;300.156097;1262.805420;488.464149;0.778941;914.928799
Unbenannt.jpg;371.834229;690.879395;297.581624;0.618022;818.762185
bg_deco_norm.jpg;382.470337;417.153778;307.983715;0.567727;775.022634
GE9006_4M.jpg;244.100006;453.300812;415.706327;0.891438;748.077309
GE0010.jpg;277.601318;930.445312;379.606242;0.680116;742.309332
AC0224_M.jpg;245.625931;630.976929;319.959395;0.681331;632.601638
GE9901_S.jpg;191.016556;878.776184;302.828271;0.868216;621.062898
AC0222_S.jpg;222.846664;563.953369;303.066985;0.754629;610.225444
AC0224_S.jpg;222.816666;584.531006;293.927603;0.733720;599.706093
SH_Objekt2.jpg;247.073334;645.636169;208.405818;0.568016;541.725654
GE1310_M.jpg;93.208000;287.348633;116.729811;0.805430;266.339364
GE1312_M.jpg;78.769669;239.494736;105.069684;0.879179;238.614005
GE9006_4S.jpg;52.000000;106.544823;116.322222;0.836538;164.367260
GE1300_S.jpg;37.265453;310.261810;124.681755;0.924619;162.210247
AC0800_M.jpg;53.910000;149.655472;67.627010;0.770033;148.615000
GE9001_4S.jpg;66.400002;72.091888;65.653327;0.603815;143.574523
BackColorPopUp.jpg;11.150000;2.219797;1.695582;0.349776;14.190433
BackColorFullScreen.jpg;1.650000;1.492481;1.082532;0.490909;2.973134
DLG0040.jpg;0.000000;0.000000;0.000000;0.250000;0.000000
